gene	span_count	hit_count	gene_freq
PGK1	1664	4894	1291
PLEC	467	1760	378
NPLOC4	457	1577	393
PACS1	419	1087	355
MIR4479	391	860	385
NPRL3	376	634	68
NEAT1	376	858	260
SNAPC4	316	372	118
SPTAN1	285	880	245
MUM1	283	1158	279
PRR12	271	1084	196
SNX9	267	1958	178
MIR4512	267	1068	267
LUC7L	266	1208	228
ZNF276	247	598	211
NDUFS7	246	703	142
C6orf106	246	798	203
R3HDM4	243	1678	194
DNMT1	233	898	183
MAP3K5	231	3619	77
LOC101928855	231	484	217
ZMYM4	231	612	160
EIF3G	228	784	171
KDM2A	228	633	190
ANKRD11	227	875	197
ARIH2OS	223	4530	134
STK11	220	678	184
SAE1	215	564	138
NAP1L1	204	244	102
NADK	199	530	159
LIME1	194	768	194
MIR7112	191	575	165
ABCA7	186	1262	154
ZGPAT	182	536	144
MXD3	178	1691	89
GLS	176	950	90
NOSIP	176	476	149
NRBP2	171	295	157
MROH1	170	570	132
SF1	170	858	124
SBF1	169	791	142
PPP6R1	168	203	157
NSD1	165	506	145
SLC38A10	163	591	155
HSF1	159	804	149
ZBTB16	156	936	52
IL17C	154	228	128
LTBP3	153	395	87
DOLK	150	450	102
CYTH1	148	434	129
JMJD8	148	515	112
MIR5096	148	570	128
LOC100287036	145	547	125
EXOSC4	145	181	120
PPP6R2	144	680	126
MTERF4	144	240	96
QRICH1	143	734	125
ARFGAP3	142	430	93
TSC22D3	141	188	94
CRIP1	141	329	94
STK38	141	363	87
RAB24	140	380	116
TSC2	140	393	115
RBM4	139	436	113
ECI1	138	446	114
SAFB	136	724	124
EHMT1	136	389	110
POLR2A	136	436	102
CBFB	135	229	135
MAPK8IP3	132	524	110
HN1L	132	524	110
MIR1225	130	540	92
PPP3CC	129	168	37
SGTA	128	707	71
AXIN1	128	483	89
TCF25	125	345	71
HBQ1	124	382	86
NARFL	124	390	100
MIR548BB	124	308	81
LINC01503	123	1527	87
GAK	123	349	109
OGDH	123	366	115
GNB1	123	635	95
GRAP2	121	228	99
NME3	121	281	113
FANCA	121	557	117
MTG1	121	423	80
ADSL	121	147	121
CSNK1D	121	443	85
EP400	120	946	74
RBM6	120	272	76
PARP10	120	428	120
TRAP1	119	503	103
PWP2	119	360	107
PIEZO1	118	330	93
MIR6855	116	322	106
CCDC183-AS1	116	360	102
SPN	114	288	58
MOB3A	114	477	114
LRRC24	113	424	107
MIR612	112	945	80
UBE2J2	112	522	88
XPO6	112	359	85
CKB	112	682	100
MAP2K2	110	624	106
UBR2	108	352	86
IMPDH2	108	274	98
BORCS6	108	540	54
NOTCH1	106	106	106
TICAM1	105	109	105
DIP2A-IT1	104	224	80
PRKAG1	102	526	88
ARHGAP35	102	368	76
GPATCH8	102	290	92
MYO1F	102	3434	17
CDC42SE2	102	270	66
RNVU1-6	101	101	101
GNA13	101	325	101
VPS37B	100	324	88
INPP5E	100	432	82
LOC339059	100	276	57
MAFA	99	363	69
SELO	99	366	81
CCNL2	98	352	86
CHD3	98	659	98
DDX6	97	330	77
ACTG1	97	304	91
CHMP7	96	270	75
PELI1	96	196	96
MFSD12	96	336	88
SSU72	96	320	74
SAFB2	96	490	78
PRPF6	96	266	88
UBAP2L	96	210	76
MIR5090	96	96	48
STK4	94	195	82
KMT2D	94	326	78
VTRNA1-1	94	94	94
SUN2	93	230	83
TMBIM1	92	92	92
USP9X	92	208	62
HSPBP1	91	196	60
PDPK1	90	354	49
CREBBP	90	496	66
MAN1B1	90	341	76
PROCA1	89	89	89
S100B	89	131	89
PBRM1	88	442	68
USP3-AS1	88	312	84
LOC100506860	88	335	88
HNRNPUL2-BSCL2	86	350	58
SURF4	86	589	82
STAT5B	86	237	79
WASF2	86	257	68
PPP1R16A	86	160	71
ZNF34	86	284	68
ANKMY1	85	362	62
VTRNA1-3	85	85	85
TRIM7	85	1700	85
MIR5690	85	313	81
ANAPC11	84	326	57
HMHA1	84	411	78
NOC2L	84	124	78
SCARNA26B	84	242	68
CARD8	83	242	77
MIR6848	83	261	55
SKI	83	312	79
PDDC1	83	336	41
MARK2	83	243	59
ZDHHC18	83	197	49
ARID1A	83	286	68
DDX17	82	292	74
RBM5	82	258	74
AGFG2	82	419	62
SEC16A	82	310	74
TMEM80	82	242	66
RNVU1-15	81	81	81
SEPT2	81	294	71
SF3A2	80	238	65
CCDC57	80	200	68
TALDO1	80	208	58
NMT2	80	143	80
DOT1L	80	206	74
CPTP	79	173	73
AP3D1	79	348	59
CD69	79	127	79
ILF3	79	381	69
RNF223	78	154	78
POLE	78	242	60
SMARCC1	78	246	62
CYC1	77	313	65
MIR6846	77	79	35
FNBP1	77	164	38
BOP1	76	266	68
RAD52	76	406	58
RNVU1-18	76	76	76
ACTN4	75	159	65
MIR4753	75	227	61
PLA2G6	74	74	74
MPG	74	248	46
SDE2	74	245	43
UBR4	74	272	68
HAUS8	73	666	65
CTCF	73	198	59
SACM1L	73	182	61
ARHGAP39	73	373	73
SH3GL1	72	243	72
SETX	72	280	60
ESYT2	71	479	60
ZNF750	70	218	53
CBLB	70	189	70
CRISPLD2	70	595	70
MIR3177	70	244	52
HTT-AS	70	142	64
P2RY11	70	70	35
KIAA1033	70	194	62
SH3RF1	69	322	46
LOC101927817	68	186	60
MYO1C	68	136	34
TMEM204	68	180	52
MECP2	68	306	60
ITPKB	68	323	55
ABCA11P	68	274	48
SPATA33	68	164	50
ZFAS1	68	492	44
GTPBP1	68	152	56
MIR9-1	67	201	67
LDLR	67	202	43
SMG6	67	254	61
MIDN	67	294	67
IDUA	67	313	53
ANKFY1	66	224	60
SOX15	66	302	46
AKAP8L	66	138	54
METTL16	66	326	54
GMPPB	66	254	54
CAPN1	66	256	66
SUPT5H	66	230	56
NFATC3	65	241	57
SEC22C	65	95	57
ADAMTSL4-AS1	65	164	65
PPP6R3	65	218	61
TPPP	65	248	53
BRD4	65	118	61
CDKL1	65	167	65
CDK11B	64	364	50
AKAP8	64	178	44
CSPG5	64	168	58
DIDO1	64	186	47
RECQL5	64	76	32
EME2	64	532	46
UBE2L3	64	492	35
SPG7	64	158	46
FASN	64	209	64
GPCPD1	64	231	56
ZC3H18	64	210	58
LOC401585	64	398	34
SLC38A1	63	144	63
GAPVD1	63	101	51
ZNF598	63	206	49
ZCCHC8	62	112	46
XRCC3	62	182	50
XRCC6	62	182	58
SNRNP70	62	240	48
FAM132A	62	167	52
MYH9	62	235	62
ATAD3B	62	204	54
SCAF1	62	230	60
MIR3133	62	137	60
MTDH	62	154	42
FAM193A	62	208	48
VPS13C	62	134	58
SET	62	274	44
SRP68	62	214	50
RNPS1	62	272	54
VTI1A	61	61	61
LOC102724009	61	61	61
RRAS	61	160	57
SAMD10	60	120	60
RCN3	60	203	55
MAN2C1	60	240	58
HERC1	60	236	52
MALSU1	60	60	30
MAML1	60	308	54
LOC100129917	60	276	46
SCYL1	60	124	60
MIR1306	60	291	39
TMEM123	58	88	48
SPSB3	58	196	42
CRAMP1	58	160	56
RHOA	58	152	46
EIF4EBP3	58	336	50
TNPO3	58	198	50
MED15	58	208	58
MRPL12	58	188	54
PEX14	58	204	33
FBXO22	58	136	54
TNRC6B	57	192	42
DPP7	56	176	56
HAGH	56	156	48
MIR7641-2	56	194	48
ZNF84	56	134	20
POLA2	56	324	42
C19orf24	56	144	48
ENDOV	56	228	48
TRAPPC10	56	206	40
RAB14	56	158	50
HNRNPUL1	56	138	40
MIR626	56	84	40
WRAP53	55	1145	31
HELZ	54	200	42
SUGP2	54	128	40
YWHAB	54	108	36
DGUOK	54	87	25
KANSL2	54	438	46
USP37	54	164	48
C16orf70	54	210	42
RPLP2	54	108	27
GLE1	54	106	34
UBE2I	54	162	34
MIR6727	54	144	50
MIR4804	54	82	42
LOC101926943	54	112	50
FOXP1	54	276	40
C11orf30	54	134	36
EHD1	54	158	41
SIN3A	54	144	50
GANAB	53	62	53
HMGN4	53	137	53
DYSF	53	162	51
DGAT1	53	110	53
TBC1D2B	53	219	53
PSMG1	53	529	43
PAFAH1B1	52	110	50
CCNT1	52	242	42
STK24	52	294	40
HNRNPM	52	110	52
NRADDP	52	262	34
FOXK2	52	124	48
PSMD13	52	180	44
RLTPR	52	130	44
ATP2A2	52	192	40
AP2A2	52	649	44
SYMPK	52	282	40
EP300	52	210	44
CYHR1	52	294	40
LINC01128	52	206	41
UNK	51	127	51
EHMT1-IT1	51	202	47
KLHDC4	51	193	45
SLC16A10	51	642	44
ITGAE	51	222	47
POLR2L	50	364	42
SEPT9	50	165	50
POLR3K	50	122	42
IREB2	50	198	32
FBXW5	50	206	42
SLC19A1	50	120	40
SNORA98	50	214	50
CDK17	50	626	27
NFIX	50	206	50
EMILIN2	50	398	38
AFF1	50	211	29
POU5F1P4	50	242	44
PRR7	50	257	50
SRBD1	50	91	48
KLC2	50	140	48
MIR4511	50	240	34
PKNOX1	50	170	44
USE1	49	103	45
MIR6773	49	144	49
CIRBP-AS1	49	77	37
PMF1-BGLAP	49	245	49
GRB2	48	262	40
ZNF618	48	48	24
MIR6776	48	128	38
BCL6	48	1032	24
CEP104	48	110	40
UIMC1	48	158	32
SPPL3	48	294	35
UNKL	48	162	44
VPS13D	48	208	40
UBA2	48	156	36
CHST12	48	56	26
BCL2L12	48	203	31
MINK1	48	48	48
KIAA0754	48	140	32
NUP133	48	216	36
ATP1A1	47	161	47
AKAP13	47	97	45
ATP2A3	47	102	43
MED13	46	164	46
ZC3HAV1	46	64	46
FAAP100	46	112	36
N6AMT2	46	184	22
TPD52L2	46	100	40
SLC2A1-AS1	46	83	37
TAF1	46	138	40
SPRN	46	272	28
TXNDC17	46	122	26
MVP	46	103	35
MFSD3	46	96	42
SNORA2B	46	342	28
MGAT2	46	68	24
GAST	46	92	46
NMT1	46	180	32
P4HB	45	320	37
ATN1	45	122	45
FAM69B	45	210	43
PPAPDC1B	45	220	41
MIRLET7G	45	45	45
MSANTD1	45	213	33
RDH10-AS1	44	88	44
HDLBP	44	112	36
AP3M1	44	128	36
SNORA100	44	187	31
TMEM245	44	110	22
NCK2	44	286	38
SBNO1	44	262	34
PDZD4	44	104	16
PCNXL3	44	82	32
SEC14L1	44	150	36
DAZAP1	44	164	40
SMARCA4	44	122	44
RSPH6A	44	172	24
CEP95	44	152	40
MIR3175	44	148	36
RNF38	44	182	44
UBE2G1	44	213	42
CLPX	44	96	40
KREMEN2	44	328	40
MAP4K4	44	269	44
TRAPPC8	44	152	22
SETD2	44	110	44
NUP214	44	228	44
CUL9	44	108	16
SPECC1L	44	72	40
PMPCA	43	59	43
SSH3	43	232	33
WNK1	43	89	43
EPS15L1	43	154	39
ZNF250	43	107	37
MDM4	43	132	37
MSLN	43	119	37
GRIN1	43	98	43
ARL4C	42	118	42
CLK4	42	146	38
CDC14A	42	116	30
BRF1	42	252	32
SMIM4	42	66	32
DNAJC5	42	226	36
PROX2	42	87	42
ADRBK1	42	342	42
CIC	42	110	29
KCNJ13	42	288	30
ST13	42	122	34
YTHDF2	42	134	36
CCDC88C	42	42	21
SNORA70B	42	120	40
TM2D3	42	110	23
KNTC1	42	178	36
AGPAT3	41	123	37
STK17A	41	52	41
EPB41	41	171	37
BAZ2A	41	129	41
ZBTB7A	41	95	41
KMT2A	41	259	37
SIL1	41	106	15
MIR4690	41	141	32
LOC100130417	41	148	27
CNTROB	41	135	41
HMGN2	41	191	41
PRRC2B	41	135	37
PCBP2-OT1	41	93	37
RABEP1	40	218	36
PRPH2	40	252	20
SNORD133	40	200	36
CENPBD1	40	76	36
FAM234A	40	173	40
RSRC2	40	64	32
LOC103021295	40	70	32
KLC1	40	124	38
CPLX1	40	70	40
ZNF207	40	112	32
RNF13	40	384	8
USP4	40	196	32
KTN1	40	82	40
SLF2	40	108	36
UBE2G2	40	116	38
SETD9	40	96	28
ATXN10	40	92	30
MIR6861	40	140	32
BRD1	40	266	40
FOXH1	40	134	40
PPP5C	40	302	28
RUFY1	40	142	32
SMARCE1	40	196	32
ITGB1BP2	40	140	40
POFUT2	40	96	40
CCDC97	40	203	40
CUL1	40	90	40
UBXN11	39	39	39
ADD1	39	118	39
ERLIN1	39	97	33
PTGES3	39	153	35
EML2	39	39	39
CAPZB	39	131	39
GSE1	39	39	39
BNIP3	39	70	39
WHSC1L1	39	159	30
RNF167	39	104	39
SATB1	38	103	27
ARFGEF1	38	118	32
SLBP	38	146	26
SNORD128	38	198	38
TRIM8	38	70	38
UBR1	38	308	34
CSE1L-AS1	38	182	26
WDR82	38	146	29
SLC25A17	38	106	30
LOC101928891	38	96	34
MKNK2	38	209	34
LMNB2	38	38	38
UBE2Q2	38	168	26
LINC01355	38	190	36
VIL1	38	116	30
TRAF3	38	154	34
TTLL5	38	98	32
KMT2B	38	152	18
CCM2	38	146	22
PMVK	38	92	38
ZNF565	38	92	34
WIPI2	38	68	28
TP53BP2	38	48	16
AP1AR	38	209	19
APBA3	38	222	30
RAPGEF1	38	112	38
TUBB4B	38	78	28
SUFU	38	104	26
MPHOSPH9	38	116	34
MIR555	38	106	34
POLH	38	70	34
TEKT2	38	210	38
RNF213	38	130	38
CALML4	38	78	34
STAG2	37	111	33
ACTB	37	37	37
CSAD	37	199	23
SYNGR3	37	144	33
MIR6815	37	160	31
IKBKG	37	37	37
MAZ	37	59	26
SRCAP	37	37	13
CIZ1	36	98	30
UQCC1	36	118	34
SURF2	36	40	24
GIT2	36	230	36
KIF1B	36	116	30
AHSA2	36	176	30
PRDM2	36	119	36
BCAP31	36	68	30
IRF5	36	124	28
RPS5	36	86	30
ADAR	36	68	26
SNORA43	36	96	28
MIR6743	36	86	32
CNTRL	36	188	24
YPEL1	36	114	24
YTHDF1	36	68	36
ANKRD12	36	112	36
LOC652276	36	92	24
ATHL1	36	78	19
NHP2	36	264	20
ZNF460	36	150	30
CDK11A	36	126	30
EZH1	36	164	4
RRP7BP	36	264	30
PRSS16	36	36	36
NCOR1	36	94	34
LINC00176	36	104	32
GOLGA1	36	84	30
LINC01465	36	112	32
TMEM115	36	44	36
EDEM3	36	128	30
SMCHD1	36	92	28
RNU6-1	36	247	21
NUCB1-AS1	36	188	28
DPP8	36	62	34
MIER2	36	104	28
ARL6IP1	36	108	32
NARF	36	152	26
HNRNPAB	36	328	25
TCERG1	36	136	16
PRKD2	36	36	36
FKBP5	35	78	35
MIR6787	35	201	26
ZNF384	35	99	31
SREBF2	35	163	29
BAIAP2	35	280	35
BAZ1A	35	89	29
RPS6KA5	35	147	35
OGFRP1	35	95	29
DEDD2	35	205	35
CC2D1A	35	70	35
PPP1R37	35	149	27
BST2	35	45	24
RPAIN	34	118	30
EWSR1	34	98	34
FAF2	34	146	32
VPS8	34	100	30
LOC100131496	34	74	34
GDE1	34	184	26
ANKRD13D	34	314	34
TMEM259	34	80	30
TAX1BP1	34	160	32
LINC00476	34	132	28
MYCBP2-AS1	34	172	32
TRIM37	34	100	20
FLYWCH1	34	116	32
JMJD4	34	78	20
RFFL	34	103	16
ZNF473	34	148	14
ZNF511	34	178	26
PSEN1	34	114	30
ZBTB45	34	144	20
BRWD1	34	214	22
WHSC1	34	118	28
LINC00641	34	132	34
PFKL	34	162	18
MIR6800	34	160	28
PHIP	34	102	32
TTC30B	34	108	30
PCNX	34	76	34
ATAD3A	34	106	22
TSC1	34	82	26
STXBP3	34	158	28
RBL1	34	100	30
MKL1	34	102	26
CELF2-AS1	34	76	16
C5orf45	34	190	26
ZSWIM7	34	124	26
GIGYF2	34	112	26
ERCC2	34	66	22
C5orf24	34	160	30
PYM1	34	134	14
PML	34	66	25
MIR6818	34	100	23
SLC7A6	34	67	34
PNPLA2	33	111	15
AES	33	141	24
SLC25A39	33	68	23
MIR6769A	33	33	33
MIR34A	33	66	33
SNORA28	33	141	27
ELMO2	33	33	33
VAMP1	33	44	22
GNAI2	33	460	33
RANBP3	33	124	28
MTFMT	32	104	28
SPHAR	32	170	22
SMYD4	32	194	30
RSBN1	32	84	30
IP6K2	32	84	32
SNORA19	32	56	28
PTRH2	32	51	17
SAMD11	32	146	30
WDR34	32	48	32
TAF2	32	82	32
TXNDC11	32	96	32
CABIN1	32	111	19
LMAN2	32	54	24
URI1	32	104	26
PI4KB	32	100	22
USP48	32	142	30
FARSA	32	80	24
RUVBL1	32	140	28
FARP2	32	138	28
FGF22	32	188	26
TLE3	32	200	24
TMEM201	32	96	16
CUL4A	32	152	28
U2AF2	32	123	17
WDR45B	32	106	26
MIR4742	32	96	28
SNUPN	32	126	28
MIR548AR	32	80	32
PTP4A2	32	44	32
DCTN1	32	100	16
SCARNA10	32	78	28
LINC01578	32	64	16
PTBP1	32	107	17
NFS1	32	254	30
MED14OS	32	130	26
GATAD2B	32	170	30
P4HTM	32	102	32
SNORD85	32	108	32
MIR6786	32	120	24
MIR1279	32	48	32
ANKHD1-EIF4EBP3	32	88	32
R3HDM2	32	84	20
TNRC6A	32	92	26
MIR644A	32	90	32
MIR664B	32	56	20
NT5C2	32	74	32
TMED4	32	156	28
PAAF1	32	128	20
TBCD	32	174	26
RPRD2	32	148	32
SDHA	32	132	32
MATR3	32	112	28
MIR6756	32	148	28
ZDHHC7	32	82	32
SPATC1	31	274	25
GMEB2	31	73	31
CSNK1A1	31	113	31
SETD5	31	106	31
TSFM	31	120	31
MYO1A	31	184	22
NOP14	31	41	31
RPS6KA3	31	78	31
EEFSEC	31	59	29
ARPC2	31	31	31
SNORD134	31	55	27
YWHAZ	31	113	31
IFITM1	31	75	20
CDC25B	31	40	20
MIR3651	30	164	22
GLRX3	30	84	26
SNORD42B	30	120	15
ZNF79	30	122	16
SCAND1	30	72	24
TSC22D1-AS1	30	138	16
MAPKBP1	30	130	20
DCLK2	30	100	16
RGS1	30	30	30
MIR939	30	182	17
VPS33A	30	96	22
POGZ	30	204	24
SNX15	30	255	30
ASH1L-AS1	30	86	28
KCMF1	30	72	18
DCP1A	30	112	24
ZNF589	30	86	26
NUP85	30	86	30
PPP1R27	30	68	20
CD151	30	62	30
SNORA52	30	54	26
SUN1	30	98	24
HSD11B1L	30	90	26
POLN	30	126	26
CPSF1	30	120	20
IZUMO4	30	46	26
CDK2AP1	30	70	26
NUP153	30	112	30
PAPD4	30	74	26
DDN	30	66	28
IQGAP1	30	86	26
OAZ2	30	40	20
UBE2D2	30	88	30
CPSF3L	30	138	22
DYRK1A	30	176	26
SFSWAP	30	106	30
LRRC14	30	108	26
RELA	30	72	26
ATF1	30	272	30
MKRN2	30	93	25
CCDC94	30	86	24
SH3GLB1	30	76	20
MIR579	30	132	22
LUC7L2	30	116	24
ZNF559-ZNF177	30	40	18
MIR647	30	40	10
MIR4715	30	104	20
SNORA30	30	62	26
KMT2E	30	92	26
ZNF251	30	72	30
RBM22	30	70	22
SUV420H1	30	94	30
RPS25	30	90	10
CAPRIN1	30	186	14
LIMA1	30	140	26
LOC102724933	30	98	22
MYO5A	29	29	29
AKT1	29	53	29
NUBP2	29	77	29
TPRA1	29	29	29
HNRNPH1	29	119	29
MIR3202-2	29	63	29
PKN1	29	53	25
NCAPG2	29	81	25
PHACTR4	29	47	29
PRELID1	29	232	29
GATAD2A	29	69	21
ZBED4	29	60	29
ICAM4	29	29	29
GIMAP2	29	29	29
C21orf91-OT1	29	348	29
NR6A1	29	37	27
SAMHD1	29	63	29
C17orf89	28	84	24
TMEM200B	28	94	28
C6orf201	28	108	16
MARK4	28	118	24
NQO1	28	136	24
HEATR5B	28	48	20
CAPS	28	128	16
DNAJA1	28	28	28
PCGF3	28	56	28
RRP1B	28	84	28
PDSS1	28	118	24
AGO3	28	206	14
UBE3C	28	60	28
SH3D21	28	64	28
MAPK14	28	72	20
OGT	28	108	28
RNF168	28	66	18
E4F1	28	220	26
VCP	28	152	20
OPA1-AS1	28	80	20
PDS5A	28	64	28
DPF2	28	160	24
FXYD5	28	244	24
MIR933	28	82	22
PFKM	28	76	20
EXOC3	28	62	16
PRR22	28	68	14
SLC6A13	28	88	24
BRCC3	28	56	28
ANKLE2	28	76	24
SNORD8	28	172	20
FAM13B	28	130	24
FBXL16	28	42	20
SARNP	28	116	28
ITSN2	28	88	24
CLUAP1	28	176	28
DNAJC7	28	100	24
FAM214A	28	144	28
SNORD37	28	55	28
EP300-AS1	28	140	24
MIR597	28	76	24
MAP4K2	28	92	24
ZNHIT2	28	61	17
TOP2B	28	72	24
MIR6799	28	92	28
ZNF587	28	94	28
SETD1B	28	256	12
DDX41	28	164	24
VPS28	28	88	22
MIRLET7F2	28	170	20
RAB11A	28	40	28
ING4	28	308	12
METRN	28	36	28
DONSON	28	68	12
LOC100303749	28	60	16
ABCF2	28	124	20
DLD	28	106	28
NCKIPSD	28	84	28
MARCH6	28	88	28
NUB1	27	211	23
MIR4498	27	70	27
BCL2	27	27	27
CHD9	27	54	27
FKBP11	27	71	27
ETV6	27	243	27
MIR339	27	27	27
CD4	27	90	27
TET2	27	27	27
NELFB	27	50	27
UBAC1	27	112	17
UQCR11	27	67	20
PPM1M	27	63	27
RRM1	27	73	21
FTL	27	72	25
PABPC1	26	58	26
MON2	26	78	18
STXBP5-AS1	26	116	16
PDIA2	26	136	24
PAPOLA	26	54	18
CSNK1G2	26	76	26
KMT2C	26	66	22
ACSF3	26	74	22
LRPPRC	26	60	26
RPA1	26	134	18
RNF225	26	128	14
RNF216P1	26	74	18
RPTOR	26	48	26
CLDN15	26	94	18
MIR151B	26	221	26
RASSF1	26	115	13
ITPKC	26	150	26
ZNF16	26	84	22
DVL1	26	76	22
SNX4	26	36	26
WDR4	26	106	18
WNT11	26	50	20
FBXO46	26	48	22
CAMSAP1	26	156	22
MIR1227	26	88	26
KCNK7	26	46	26
UBR5	26	36	22
ITCH	26	54	26
CCDC77	26	38	26
FAM9C	26	65	26
MIR3620	26	58	17
KPNA6	26	70	16
PPP1R35	26	50	26
USP3	26	78	22
IPO4	26	87	19
TNKS	26	34	26
IBTK	26	122	18
FERMT3	26	70	22
TRPC4AP	26	90	22
SH2B3	26	64	26
ZNF8	26	44	18
MIR548H1	26	96	26
SRSF4	26	54	26
AKAP10	26	132	26
ZAP70	26	74	16
DLG1	26	78	26
EPS15	26	64	24
AP5Z1	26	166	14
ELAVL1	26	74	18
MIR4292	26	134	26
BBS1	26	70	16
ZNF200	26	86	26
ATF7IP	26	80	26
SDCCAG3	26	40	16
IP6K1	26	80	24
RHOT2	26	72	20
LRRC8A	26	116	26
FAM41C	26	56	20
GLG1	25	166	25
DKFZP586I1420	25	84	23
TAOK2	25	62	25
SPTBN1	25	57	25
C1orf189	25	25	25
SNORD12	25	50	25
PRAM1	25	166	25
DBN1	25	50	25
TAOK3	25	81	25
FAM102A	25	33	21
DNAJB1	25	290	25
CELF1	25	65	25
GRK6	25	75	25
MIR941-5	25	51	23
MIR550B1	25	171	25
MOK	25	25	25
MIR6747	24	74	18
AFF4	24	74	22
ZNF638	24	108	24
GAREML	24	194	16
CDCA4	24	66	24
ASXL1	24	102	24
ANKRD52	24	176	16
TIGD3	24	48	20
TBC1D20	24	50	24
TKFC	24	88	20
CEP350	24	72	24
LOC101927322	24	48	18
TRAF7	24	126	20
KIAA1109	24	68	20
MORF4L1	24	80	24
ATE1	24	54	16
TCEB2	24	126	14
DDX26B-AS1	24	48	24
VPS39	24	52	24
SNORD67	24	94	18
CUL4B	24	30	22
HOXA6	24	36	24
HCFC1-AS1	24	68	16
ACTR8	24	88	16
UBE3A	24	120	22
BAZ1B	24	142	24
PIAS4	24	100	20
FBXW11	24	48	16
C20orf144	24	80	24
LOC102723582	24	60	22
USP24	24	88	16
PTPN1	24	72	8
GPN1	24	56	24
TIAL1	24	78	16
TIMM44	24	66	18
C2CD3	24	144	18
CSE1L	24	68	20
UBR5-AS1	24	92	24
ADSS	24	32	24
DNAJC13	24	72	20
RCAN3	24	58	18
SCFD1	24	178	24
MED16	24	44	16
MAP3K2	24	110	22
SH3BP5-AS1	24	56	20
DYNC1H1	24	82	24
MYSM1	24	132	24
RBM5-AS1	24	44	12
SLC25A25	24	64	16
SNAP29	24	40	12
EIF5B	24	70	20
MIR4647	24	160	14
SPATA13	24	84	12
RAB8A	24	64	24
KDM3B	24	84	24
MAP1LC3B	24	30	22
RNF126	24	78	24
TP53INP2	24	200	20
ACAT1	24	56	16
RPS15	24	212	20
ACAP3	24	90	24
SCARNA11	24	202	20
SLC25A20	24	76	16
USP7	24	52	24
TTC37	24	156	14
ZNF91	24	78	6
LHX3	24	112	20
ZNF584	24	186	18
PPP1R15A	24	48	12
ZNF623	24	48	18
MIR3661	24	56	20
USP42	24	86	22
SUGT1	24	80	14
TBC1D14	24	114	20
PPTC7	24	122	24
B4GALNT4	24	24	12
ERCC3	24	56	12
STX16	24	59	24
MIR21	24	76	18
BSCL2	24	84	16
AGRN	24	66	20
USP50	24	68	20
GDI2	24	48	18
ZNF143	24	52	24
MIR4515	24	55	24
SLC25A52	24	44	12
APOBEC3F	24	90	18
COMMD5	24	200	16
FAM120AOS	24	360	14
GALM	24	72	12
MIR6805	24	40	16
VPS51	24	174	20
RBM27	24	76	20
DYNLRB1	24	100	16
ATF5	24	32	8
VRK3	24	56	24
KXD1	24	138	20
LINC00304	24	106	18
ZSCAN22	24	66	22
CKAP5	24	86	20
MIR1914	24	134	14
GALNS	23	230	23
IFFO1	23	70	23
CDC42BPG	23	86	23
GPT	23	127	21
TYK2	23	42	19
TRAT1	23	87	23
MTIF2	23	114	21
CERK	23	147	23
USP36	23	272	23
CLTCL1	23	45	21
KLHL11	23	48	23
SMAP2	23	125	19
STUB1	23	63	23
FOXJ3	23	85	21
MALAT1	23	94	23
LOC101559451	22	90	18
ZNF195	22	100	14
GABARAP	22	54	22
GOLPH3L	22	60	18
SCO2	22	46	18
ARHGEF12	22	86	22
SNX2	22	34	18
GAB1	22	22	22
PUM1	22	58	22
MIR1256	22	64	14
SQLE	22	60	14
PHF20	22	126	18
MIR4642	22	74	22
NCOA3	22	56	22
RMND5B	22	74	18
INF2	22	103	15
PRMT2	22	30	22
SEMA4G	22	48	18
SMG7	22	60	18
ITM2A	22	98	22
MIR548O2	22	110	22
SP1	22	82	20
TLK1	22	74	18
MAMDC4	22	46	20
MYL6B	22	78	22
NDUFA10	22	82	20
RNF10	22	194	20
SMC5	22	130	18
MIR4797	22	54	20
CDPF1	22	96	14
TTC9C	22	70	18
SAPCD2	22	38	14
HNRNPR	22	44	18
TBC1D25	22	74	14
LOC100133985	22	99	22
ANGPTL7	22	82	22
TMEM249	22	46	22
DROSHA	22	174	14
MIR941-1	22	90	16
RBBP7	22	86	14
LOC100288123	22	58	16
MIR6767	22	102	22
LEF1	22	190	16
EPN1	22	64	16
ZYG11A	22	48	12
THRAP3	22	76	22
NOLC1	22	60	22
REV1	22	110	20
SIPA1	22	55	11
PICALM	22	58	22
PDCD7	22	54	22
SRRT	22	160	22
UBTF	22	88	22
CTC-338M12.4	22	44	18
ATP2C1	22	132	18
ZC3H4	22	68	20
DHX29	22	136	22
PACSIN2	22	86	14
RBM39	22	42	22
HECTD1	22	42	22
ALG12	22	112	18
MIR4419A	22	136	18
PRPF38A	22	60	20
SNORA56	22	76	22
SNRPC	22	62	10
ALMS1-IT1	22	34	22
RGPD3	22	28	22
P2RX2	22	70	16
ASPSCR1	22	56	20
GPX1	22	108	12
TNFRSF4	22	42	12
HNRNPA2B1	22	274	13
C1orf159	22	110	22
TMEM110-MUSTN1	22	68	22
MARK3	22	74	18
TMEM165	22	28	14
PTK2	22	50	16
RAPGEF6	22	62	22
POU5F1P5	22	26	16
MIR1226	22	46	18
WDR1	22	176	11
ZCCHC7	22	142	20
FBLN5	22	48	18
ERP44	22	30	18
H2AFV	22	150	22
WAPL	22	54	18
ACTA1	22	78	22
IPO8	22	52	22
C7orf77	22	24	22
TGDS	22	208	18
CDK13	22	72	12
FZR1	22	62	16
PPP2R1A	22	64	10
BPHL	22	240	18
LOC100128494	22	40	22
SUMO2	22	82	10
CTD-2201I18.1	22	132	11
ATP11B	22	82	22
FCHSD2	22	32	18
ATP13A3	22	88	18
KIAA0586	22	52	18
RBX1	22	54	16
VHL	22	76	16
ZNF517	22	76	16
TNIP2	22	168	18
NIPBL	22	56	18
DEPDC5	22	56	18
PNPLA7	21	71	17
WDR26	21	75	21
CELF2	21	49	7
KCNK16	21	42	21
THEM6	21	44	21
SPHK2	21	47	19
ECH1	21	66	21
CTNND1	21	357	21
FLNA	21	72	21
PNRC2	21	34	21
KIAA0319L	21	42	21
GPR183	21	63	14
CDKN2D	21	69	21
GPHN	21	21	21
ZNF778	21	23	21
GPR3	21	51	21
KLHL15	21	21	21
RARRES3	21	168	21
LPAR6	20	60	20
TNPO2	20	32	18
HUWE1	20	58	18
MIR548K	20	70	20
PROSER2-AS1	20	44	20
TMEM141	20	54	16
SDCBP	20	64	20
CSNK1G2-AS1	20	68	20
PRKAR1A	20	72	16
TCF3	20	68	16
AP3B1	20	114	14
BRD9	20	36	12
C16orf72	20	36	20
FGFR3	20	340	8
IGFALS	20	28	20
MIR3941	20	40	20
SNX1	20	208	12
PITPNM3	20	66	18
PTAR1	20	64	20
PCF11	20	44	12
NUDCD3	20	50	20
FASTKD5	20	36	12
LRPAP1	20	40	12
LOC727896	20	60	20
SRPK1	20	62	18
ST7L	20	58	12
HMG20A	20	40	16
OTUB1	20	112	12
TUBA1A	20	44	20
ZFX	20	44	12
ELP3	20	90	14
CBX3	20	26	20
TOR4A	20	158	12
KIF5B	20	68	20
RBM34	20	68	12
ARFGAP1	20	104	16
LSM12	20	44	20
SNORD62A	20	100	14
CCDC137	20	52	14
SMG1	20	24	12
AZIN1	20	36	16
NOC4L	20	22	20
UGGT1	20	64	20
DLX2	20	110	10
ARID3A	20	144	16
C3orf35	20	108	12
LONP1	20	68	20
KDM3A	20	84	12
C10orf12	20	84	10
MRPL19	20	68	20
MIR590	20	142	14
NLK	20	56	20
WHAMM	20	82	14
GIGYF1	20	54	20
MSTO2P	20	68	16
INTS8	20	36	20
ZNF410	20	76	16
PEX5	20	36	12
ATAD2B	20	28	20
YARS	20	76	20
HIRA	20	52	16
ZAR1	20	50	20
MIR6763	20	124	12
RNF44	20	68	20
LRCH3	20	44	20
JOSD1	20	172	16
SF3B2	20	60	16
TPM4	20	36	12
UBE2H	20	70	20
HYKK	20	44	20
MIR183	20	28	20
PDIK1L	20	52	20
MIR6894	20	120	12
RSF1	20	40	20
USP40	20	68	16
STRN	20	28	8
CTC1	20	24	20
TPRN	20	126	12
PARP16	20	46	14
CFAP126	20	44	12
PARP1	20	140	16
MTF1	20	92	16
SLMAP	20	42	16
THEMIS2	20	40	10
HADHA	20	52	20
DUSP16	20	80	16
BACE1-AS	20	136	12
CYFIP2	20	210	15
SH3BP2	20	32	4
GAPDH	20	68	20
KCNS1	20	78	12
GTF2B	20	56	10
LTC4S	20	56	16
CENPC	20	76	16
FBXO42	20	192	16
ODF2	20	24	16
YDJC	20	44	18
PTPN11	20	48	12
LOC374443	20	38	20
THAP4	20	42	20
TRIM33	20	62	16
PIAS1	20	54	18
ZNF708	20	36	20
NFYC	20	76	14
POLR1C	20	44	12
FAM228A	20	136	12
EEF1G	20	104	14
LXN	20	164	16
DNASE1L2	20	56	12
RASL10B	20	58	16
GAL	20	44	20
ARID4B	20	36	20
BPTF	20	70	20
MIR6798	20	48	18
TRIP11	20	88	14
TARS2	20	88	16
LRSAM1	20	28	12
PXN	20	58	18
DCUN1D1	20	38	14
SEC31A	20	68	12
RBM15B	20	40	18
POLR2B	20	92	8
LPCAT3	20	88	14
ADARB1	20	81	13
TTLL12	20	168	12
YBX1	20	64	20
HMCES	20	48	20
RNF145	20	20	20
SQSTM1	19	61	19
MIR5047	19	133	19
FAM3A	19	45	19
TBC1D10A	19	29	19
MIR4466	19	25	19
OBFC1	19	19	19
SPECC1L-ADORA2A	19	38	19
WDR90	19	85	15
EFCAB14-AS1	19	63	15
DMRTA1	19	38	19
ST3GAL2	18	42	10
NAA35	18	32	18
TTC17	18	56	18
ZNF672	18	74	14
TIMM50	18	78	16
PPP1R12A	18	24	18
MINOS1	18	46	14
TAOK1	18	40	14
PCNT	18	34	18
CASC3	18	34	18
TSTA3	18	30	12
GSPT1	18	62	14
REPS1	18	112	14
HAT1	18	82	14
SLC34A1	18	48	12
SCARNA28	18	40	18
UVSSA	18	66	18
POLDIP3	18	62	18
UPP1	18	36	10
PRMT7	18	86	18
IFITM2	18	54	18
ARF4-AS1	18	68	10
SCARNA26A	18	54	18
GPR137	18	90	16
PTPRCAP	18	54	18
AMDHD2	18	22	18
SCGB3A1	18	70	14
SGTB	18	171	9
ZFP69	18	42	10
COPZ1	18	18	18
CBS	18	78	18
RERE	18	52	18
SRSF5	18	74	18
TMEM209	18	80	12
ADD3-AS1	18	60	18
MIR6874	18	76	18
MIR1234	18	106	18
MIR6780A	18	86	18
SP3	18	58	18
MAPK1	18	50	12
NEK4	18	100	18
VEGFB	18	63	9
VWA1	18	34	14
TGFBR3L	18	54	12
SNORD18A	18	63	9
RICTOR	18	32	14
FLJ21408	18	66	6
EPC1	18	54	18
TONSL	18	56	14
GSG1L	18	74	18
QRICH2	18	40	18
ARGFXP2	18	42	10
CACNG1	18	48	18
MSRB1	18	46	18
CD160	18	72	18
CANX	18	60	18
YWHAQ	18	78	18
PTTG1IP	18	18	18
NUTF2	18	18	9
CSNK2A1	18	118	14
MORC3	18	34	14
FLJ45513	18	76	18
CXorf36	18	42	14
MIR627	18	228	18
MCM3AP	18	64	18
ALKBH5	18	72	12
EIF3B	18	106	18
HP1BP3	18	54	16
MIR3187	18	44	14
MIR6125	18	68	18
PTPRZ1	18	54	12
SRRM2-AS1	18	148	18
NDEL1	18	108	18
ABHD15	18	62	18
ATRIP	18	180	18
TMEM260	18	46	12
XPO7	18	24	18
PITPNB	18	30	14
MYBBP1A	18	34	18
PRKX-AS1	18	86	10
APOA1	18	72	6
C11orf72	18	64	14
CCDC85B	18	180	9
DCAF10	18	102	12
RAB6A	18	42	18
KRT8P41	18	64	12
ARF1	18	94	14
KAT8	18	60	10
C2orf61	18	114	6
SNX6	18	52	18
CNOT4	18	82	14
SRRM1	18	40	18
RBM4B	18	94	18
MIR6804	18	52	18
KLRG1	18	114	12
BRWD3	18	26	18
ADM5	18	34	10
ZNF721	18	60	10
PHF21A	18	58	12
MAEA	18	38	18
LOC101927365	18	62	14
MIR3181	18	122	16
CNOT6L	18	26	16
FYN	18	76	18
NCAPD3	18	78	18
TMEM203	18	54	18
C15orf40	18	66	18
MGEA5	18	138	18
ATAD1	18	48	18
SEC23IP	18	38	18
CWF19L2	18	34	14
CEP170B	18	54	14
COX15	18	42	12
C19orf43	18	72	12
DNAJC16	18	94	14
MIR548AT	18	60	18
ASXL2	18	50	18
MOB2	18	30	18
CS	18	78	18
MIR6501	18	132	18
CBFA2T2	18	22	14
ZNF644	18	46	18
GFER	18	36	18
FAM173A	18	32	14
WFIKKN1	18	46	10
UBN2	18	74	14
STAT3	18	54	10
FERMT2	17	119	17
EYA3	17	62	17
SOAT1	17	41	17
STARD3NL	17	17	17
LRRFIP1	17	179	9
PVRIG2P	17	275	17
C16orf91	17	37	17
TGOLN2	17	51	17
MID1IP1-AS1	17	74	13
RANBP1	17	81	17
ENO1	17	34	17
SNORA59B	17	25	17
ATP6AP1	17	59	11
SNORD22	17	97	17
SHISA5	17	24	17
AHCYL2	17	64	13
NFATC1	17	56	17
EVI2A	17	57	15
CDK10	16	66	12
MIR558	16	20	16
HELQ	16	68	12
PSMB7	16	28	4
C20orf173	16	20	8
IGF2BP1	16	52	12
ACO2	16	48	12
MICAL3	16	64	10
ATP11C	16	40	16
NCLN	16	68	16
PUM2	16	312	16
RBSN	16	48	12
CAPN10-AS1	16	24	16
MIR6886	16	46	16
SYPL1	16	42	14
SNORA36A	16	40	12
SENP6	16	20	16
CRIP2	16	42	14
RSG1	16	40	12
MIER1	16	28	16
TMEM236	16	128	12
TEP1	16	48	12
ZNF33B	16	58	16
PDCD6IP	16	52	16
ILF2	16	88	12
HSD17B10	16	32	8
SCAF4	16	44	16
PRRC2C	16	16	12
DPEP1	16	20	10
MIEF1	16	80	16
TUBG1	16	32	16
NDUFC1	16	64	16
XPO5	16	104	16
TNK2	16	52	8
DEAF1	16	44	16
C9orf142	16	144	16
LOC101060091	16	36	16
SPATA2L	16	24	16
DGCR11	16	20	16
MRPL48	16	112	12
RNU6-7	16	80	12
RFC1	16	58	14
NPR2	16	84	8
RNF157	16	98	10
SNORA70D	16	46	14
RAB11FIP2	16	26	12
CEBPD	16	256	12
MIR8075	16	88	8
TMEM57	16	76	16
B4GALT1-AS1	16	32	4
TANGO6	16	104	12
SNORA23	16	114	16
MICALL1	16	40	14
NCAPH2	16	80	16
REEP2	16	28	14
FAM204A	16	92	12
FARSB	16	38	14
DENND6A	16	36	16
SMARCC2	16	80	12
CLEC2B	16	48	12
DHX9	16	52	16
ZNF701	16	64	16
DIS3L	16	68	16
ORC5	16	48	12
HGH1	16	148	16
ZRANB1	16	38	12
DVL3	16	18	16
ITFG1	16	56	14
VPS45	16	30	12
MFHAS1	16	64	16
COQ10A	16	48	16
ALDH9A1	16	16	16
CFL2	16	36	12
MBTPS1	16	24	16
INTS1	16	32	16
PHTF2	16	44	12
ITPR2	16	62	10
CBX8	16	24	8
SLC17A9	16	64	12
SNORD14E	16	32	16
C12orf56	16	16	16
SIVA1	16	24	12
AGFG1	16	58	16
PTDSS2	16	46	12
TNRC6C-AS1	16	28	12
RNF40	16	40	12
GPAA1	16	32	16
ZDHHC11	16	44	12
PSME4	16	60	16
PLXNA3	16	104	12
CDC27	16	218	12
METTL14	16	40	12
DUS3L	16	30	10
FAM195A	16	50	14
SH2D3A	16	48	12
PDE8A	16	70	16
SLC4A7	16	60	16
PPP2R5D	16	24	8
SNORA76A	16	28	16
C14orf166	16	58	16
CBX5	16	94	12
STAT2	16	48	8
PPP3CB-AS1	16	28	16
PSMD4	16	164	8
MIR3944	16	132	16
TBL3	16	168	8
AURKAIP1	16	24	16
PIK3C2A	16	46	8
SLC22A20	16	200	12
AKIRIN1	16	32	8
C12orf4	16	32	14
FAM192A	16	152	12
CSRNP2	16	28	16
SAP25	16	20	8
NR2E3	16	124	16
MIR5009	16	86	12
MIR637	16	38	12
ZNF280D	16	36	6
PI4KA	16	36	12
STIP1	16	118	14
SNX24	16	48	16
SYNE1-AS1	16	32	16
FAM219B	16	96	16
CRTC3	16	112	16
XRN1	16	44	12
RAF1	16	38	16
MTRR	16	112	16
USP47	16	80	16
ZFP91	16	46	16
ADAM30	16	28	12
GFPT1	16	32	16
SMC6	16	46	12
MCM3AP-AS1	16	48	16
GFRA4	16	78	12
MIR3195	16	116	16
CTSK	16	58	14
USP14	16	40	16
TRMU	16	64	8
COLGALT1	16	32	16
KIAA1875	16	22	16
RNU6-42P	16	28	8
CHRNA10	16	56	12
CCDC43	16	48	12
CHP1	16	24	8
AMN	16	84	10
ATP6V0B	16	16	8
P4HA1	16	56	12
CRACR2B	16	44	12
ZBTB48	16	64	16
PLEKHA4	16	96	16
MIR199A1	16	236	16
ATAD2	16	156	16
FPGS	16	28	8
WDR37	16	24	8
RCSD1	16	96	8
NPTN	16	68	8
COPS7A	16	92	16
LOC101928597	16	16	8
PRPF4B	16	70	16
BLMH	16	40	16
FAM58A	16	40	12
MIR6877	16	124	12
CRKL	16	78	16
MED1	16	32	8
TTF1	16	76	16
MAD1L1	16	54	14
RAD50	16	48	8
ORAI1	16	52	8
PSMA4	16	36	16
RBM15	16	28	16
MED25	16	46	16
AP1G1	16	202	16
GS1-124K5.11	16	216	8
TMBIM6	16	40	12
FAM109B	16	72	8
MIR6857	16	28	16
NECAP1	16	30	16
MIR5587	16	138	12
HIRIP3	16	68	4
TNS2	16	32	12
AP1M1	16	34	16
RHBDL1	16	24	12
CDK12	16	42	16
ABCA2	16	24	8
SNORD99	16	56	10
RBM23	16	150	16
FAM118A	16	30	16
MSS51	16	44	12
MED26	16	64	12
DDX46	16	40	8
PCYT1A	16	24	8
TRAFD1	16	42	12
GPX4	16	40	16
MIR6802	16	24	12
HDGFRP2	16	28	16
RAVER1	16	56	10
RAB40C	16	256	16
TJAP1	16	28	12
PAFAH2	16	44	8
CAPN2	16	24	12
C14orf119	16	20	16
BTAF1	16	36	16
ICMT	16	52	8
SLC52A2	16	58	12
PEBP1	16	24	16
COPB1	16	102	10
ZNF561	16	88	8
KCNMB4	16	26	12
CENPO	16	28	12
ZNF718	16	38	16
NDC80	15	58	15
SPAG9	15	29	13
PDLIM5	15	15	15
GALNT11	15	51	15
CTSS	15	15	15
MAFG	15	85	5
INPP5B	15	90	15
PDE4A	15	15	15
IFITM3	15	15	15
DGKD	15	103	13
PNKD	15	15	15
PLCB1	15	75	15
OXNAD1	15	81	15
PRR34	15	98	15
ARHGEF1	15	168	15
PUF60	15	135	15
TRABD	15	45	15
LOC101929125	15	135	15
INPP5A	15	23	11
OSBPL3	15	17	15
SNORD32A	15	15	15
EPPK1	15	41	10
RHOF	15	60	15
MTX2	14	48	10
SNORA49	14	108	14
MRPL14	14	30	14
TTC13	14	34	14
SERPINB9	14	44	14
KPNA5	14	30	8
AP2S1	14	24	14
JKAMP	14	190	6
SLC37A3	14	22	12
ZNF552	14	56	14
ZBTB25	14	50	10
NAA25	14	34	14
PPP2R1B	14	30	14
GBF1	14	32	12
GTF3C4	14	46	12
PP7080	14	20	9
PCSK9	14	82	10
ELK4	14	30	14
ZNRF3	14	14	10
SMC3	14	40	8
C17orf64	14	74	14
PSMF1	14	30	14
DENR	14	22	14
MIR1273D	14	42	10
ROCK1	14	22	10
MARCKSL1	14	70	14
CAD	14	22	14
MIR331	14	50	10
SSSCA1-AS1	14	14	14
CNOT6	14	60	14
HCN2	14	20	12
NMB	14	30	10
SDF4	14	108	14
EDC3	14	16	6
ZNF555	14	84	14
YTHDC2	14	30	14
APRT	14	44	14
MOSPD2	14	80	6
EMC2	14	18	8
TMEM105	14	54	14
SHARPIN	14	114	14
NEK11	14	32	10
ABHD2	14	22	14
CAPN7	14	22	14
PHKB	14	36	14
LINC01012	14	28	14
RAP1GAP	14	130	10
MMS19	14	104	10
LYRM2	14	58	14
USP25	14	66	14
IDE	14	48	12
GINS2	14	200	8
CYB5B	14	70	10
BAK1	14	14	14
MTM1	14	14	14
VEZT	14	36	14
DDX3X	14	14	14
REL	14	38	14
LINC00963	14	34	8
LOC101929679	14	22	10
KAT7	14	40	14
ZCCHC6	14	52	14
PILRB	14	56	14
NDFIP1	14	28	12
YWHAG	14	30	6
ZNF557	14	62	14
PARD6G-AS1	14	36	10
DUS1L	14	30	14
ATF6	14	28	10
MIR4258	14	24	14
CDK5RAP2	14	70	10
RNFT1	14	22	14
SNORA70G	14	201	14
ANKRD13C	14	66	12
RILPL2	14	18	14
LINC01583	14	30	10
SLC5A10	14	46	14
KIAA0226	14	14	7
SEC24A	14	26	14
MIR761	14	28	14
MAP6D1	14	52	14
PPIG	14	42	10
ZNF616	14	30	14
ATM	14	20	14
FAM199X	14	28	14
DCAF5	14	108	10
ACSS2	14	72	10
LOC101927839	14	48	12
TUBGCP3	14	54	10
RC3H1	14	18	14
FBXL5	14	34	10
LOC100506071	14	36	14
AP2B1	14	66	14
LRIG1	14	40	12
CDR2	14	60	14
GPR18	14	28	8
IGDCC3	14	22	10
ZBTB8OS	14	32	12
LRBA	14	62	14
USP6NL	14	42	14
ZMYM2	14	22	14
CAPZA1	14	38	14
SNORA10	14	42	14
AHCTF1	14	40	14
MIR6858	14	26	14
TTC1	14	38	10
MAP1S	14	62	14
SPTLC1	14	44	14
C1orf145	14	86	10
MIR744	14	130	10
CHMP6	14	92	14
SLC25A33	14	52	14
MELK	14	14	7
TMEM68	14	68	14
SCX	14	52	14
GRINA	14	62	14
NDUFV3	14	100	12
COX5A	14	86	10
SHBG	14	66	14
STRIP2	14	58	6
SLC30A9	14	24	14
SLC30A5	14	50	10
SNRPD2	14	44	12
C16orf62	14	152	8
PNKP	14	18	14
RARS2	14	38	14
FOXO3	14	26	10
AMFR	14	20	14
MIR7705	14	18	14
MIR943	14	26	10
RAC1	14	36	12
GOLGA4	14	46	10
TM9SF3	14	52	14
TCF12	14	22	8
ZNF318	14	26	14
ZNF346	14	60	12
RORA-AS1	14	44	10
MIR4749	14	92	14
TEX264	14	24	14
PTPN9	14	164	10
DDX19A	14	22	14
CLPP	14	14	14
RAD54L2	14	42	14
GET4	14	78	14
SMIM18	14	14	8
PACS2	14	36	14
UBE4B	14	68	10
SLC6A4	14	40	10
ZNF615	14	14	14
CAMTA1	14	42	14
STRADA	14	38	14
NNT-AS1	14	42	10
MIR630	14	40	14
FOXN2	14	42	14
COX14	14	30	14
SPG21	14	76	12
ZNF148	14	38	10
NFKB1	14	46	14
GLYR1	14	46	10
METTL10	14	44	12
ING5	14	38	8
RNF8	14	116	14
FBXW2	14	18	14
TOP1MT	14	36	14
FAM193B	14	20	10
RPUSD1	14	14	14
TWSG1	14	14	14
PPARD	14	40	14
WDR18	14	26	14
GCFC2	14	42	14
RAD23B	14	42	14
OC90	14	28	10
MFSD11	14	38	14
CHURC1	14	36	14
LOC101927178	14	26	10
RQCD1	14	50	14
NDUFV2-AS1	14	42	14
PRR14L	14	30	14
CPSF2	14	38	14
PTBP3	14	64	6
ST6GAL1	14	62	14
DCUN1D2	14	32	14
ANAPC16	14	62	14
LOC100129781	14	48	10
FBXO9	14	30	10
LOC101929295	14	120	10
POLL	14	20	12
ATXN2	14	62	14
TRIP12	14	18	14
NOL10	14	44	14
APOLD1	14	20	6
PREPL	14	22	14
GEMIN2	14	70	10
CELSR1	13	13	13
RAB8B	13	19	9
SLC25A19	13	47	11
ARID5B	13	21	13
GNAS	13	38	13
FTH1P3	13	63	13
MBNL1	13	46	13
TRIM41	13	45	13
STK16	13	52	13
SLC29A1	13	26	13
PPP4R3A	13	55	13
ZFP36L2	13	78	13
ARHGEF18	13	25	9
EPHA2	13	57	13
NEK6	13	26	13
SNORD28	13	13	13
KMT2E-AS1	13	26	13
PSMB2	13	286	13
FLT3LG	13	58	13
AHRR	13	13	13
TLDC1	13	17	13
TPCN1	13	60	13
ITGA5	13	65	13
LTB4R2	13	13	9
ISG15	13	79	13
PPP2R2D	13	33	13
SHANK3	13	55	9
DECR2	13	65	13
TMEM187	13	13	13
SWSAP1	13	17	13
KTN1-AS1	13	13	13
SH3BP1	13	39	13
ZBED5	12	156	12
TM7SF3	12	40	12
RNASEH2A	12	28	4
NMRK1	12	36	6
HELZ2	12	48	4
PGAP2	12	40	10
ECT2L	12	168	8
MIR3135A	12	16	12
RBM14-RBM4	12	66	6
G3BP2	12	60	12
SH3GLB2	12	34	8
LTA4H	12	12	8
SNORD103A	12	24	12
GSG2	12	28	12
BANP	12	38	12
IST1	12	16	10
IRS2	12	12	12
ATL3	12	66	12
RUNX1	12	32	12
FAM49B	12	36	12
TOM1	12	12	10
MIR5695	12	72	12
MRC2	12	20	12
MIR765	12	78	12
ARL6IP6	12	40	8
EDF1	12	18	12
LYAR	12	40	12
PSMC4	12	28	8
STX12	12	28	8
COPS3	12	44	4
VPS35	12	20	12
PTEN	12	28	10
LHFPL5	12	34	12
SNX22	12	20	8
MRPL41	12	32	8
LNX1-AS1	12	64	8
KIAA0922	12	48	8
TBK1	12	42	12
MOV10	12	68	12
CNIH2	12	20	8
CDT1	12	42	10
SEPT7	12	58	12
COQ2	12	36	8
LY9	12	36	12
LOC100270746	12	36	12
ARHGDIA	12	64	12
NXF1	12	100	8
SGPL1	12	96	10
ZNF767P	12	64	12
MIR103B2	12	62	12
EIF4E3	12	24	6
RBBP5	12	44	8
SYAP1	12	32	8
CLIP3	12	108	4
MIXL1	12	26	10
ZFYVE26	12	28	8
ATP5G2	12	64	8
GNRH2	12	16	8
USP38	12	44	12
ENO2	12	68	4
FAM91A1	12	36	12
GCDH	12	40	8
SAMM50	12	48	12
MIR3198-1	12	27	7
FRA10AC1	12	70	10
TNFAIP8L1	12	68	4
UHRF2	12	50	12
GMCL1	12	46	12
ATP6V1H	12	28	8
PRR25	12	18	12
RRP36	12	24	10
SLC35E2B	12	36	12
CCDC130	12	32	8
SNORD98	12	28	12
ARID4A	12	76	8
INSM2	12	72	12
LOC100506585	12	76	8
JMY	12	38	10
CHIC1	12	36	8
PSMC5	12	28	8
RPS6	12	124	12
TCEANC	12	12	6
TMEM208	12	128	4
NCOA6	12	26	12
CORO6	12	28	12
UQCRC1	12	42	10
QKI	12	42	12
SNU13	12	68	8
RPL23AP64	12	28	12
SLC4A1AP	12	52	12
SERPINC1	12	96	8
ZCCHC11	12	60	12
TULP4	12	62	10
ORC4	12	28	10
TTBK2	12	44	12
TRMT13	12	64	4
WDR11-AS1	12	58	8
TLR2	12	48	12
NUP210L	12	20	8
RNF187	12	16	12
RSC1A1	12	36	12
ACKR4	12	28	12
RASAL3	12	132	6
SCAF11	12	24	12
PTPN4	12	32	10
FOXK1	12	42	8
TMEM50A	12	52	4
UBE2K	12	42	12
PCM1	12	68	12
RBBP6	12	28	12
PPP1R15B	12	34	10
SRP54	12	44	8
ZFP30	12	36	12
ATP5E	12	68	8
RTEL1	12	38	8
NMD3	12	16	12
USP10	12	30	6
ARNTL2	12	28	10
UBP1	12	38	12
ACIN1	12	40	12
TOMM40	12	18	8
MIR3190	12	34	10
GOLPH3	12	48	12
GUCA2A	12	26	12
GJC1	12	52	10
GPR4	12	20	12
NF2	12	32	10
FBXL22	12	32	12
MIR4489	12	12	12
EPB41L5	12	106	10
CCNG1	12	24	12
SLC44A2	12	76	8
ZBTB39	12	30	6
PRKDC	12	46	12
SNRNP27	12	12	8
MIR6740	12	28	8
NUCB1	12	28	12
SART3	12	24	10
SPG11	12	22	10
ZBTB3	12	48	12
TPRKB	12	32	8
TRIP4	12	36	6
RER1	12	24	12
PIM3	12	60	6
SPATS1	12	40	4
NFX1	12	32	12
MYNN	12	22	12
GBA2	12	56	12
SFI1	12	20	12
DGKE	12	122	8
HIC1	12	132	8
ADAMTS13	12	86	6
TUSC2	12	12	6
KLHL12	12	30	6
RPAP2	12	36	12
NUP160	12	52	8
DDX1	12	32	12
ICAM3	12	24	8
NOL4L	12	28	8
LINC01072	12	44	12
MAP3K11	12	44	12
C5orf51	12	48	8
POMT1	12	48	8
ETV4	12	24	8
HES7	12	24	12
FAM45A	12	20	8
PRCC	12	36	8
DAG1	12	32	8
NACC2	12	40	10
ALG13	12	20	8
SRM	12	98	6
ARL1	12	120	4
DNAJC8	12	24	12
RPS13	12	50	10
FAM13A-AS1	12	16	12
HAX1	12	32	12
CNOT10	12	76	12
CLEC2D	12	36	12
GDAP2	12	68	4
GHDC	12	36	12
INO80	12	20	12
NONO	12	28	12
KIF20A	12	76	12
ADAM8	12	36	12
ELK3	12	48	4
TRPM7	12	28	12
TFAP2A-AS1	12	188	12
MAPK6	12	48	6
ACTR1A	12	18	6
MIR4762	12	44	12
CD59	12	64	12
EPM2AIP1	12	24	8
NEU3	12	52	8
SNX12	12	28	8
MIR6075	12	24	6
COX8A	12	12	12
MIR4673	12	44	12
KIAA1522	12	20	12
RAB1B	12	36	4
HDAC1	12	24	12
PEX10	12	112	12
SNORA2A	12	52	12
GPS1	12	30	12
ACTL7A	12	80	4
CACNB3	12	20	12
FGFR1OP2	12	12	12
CLEC18B	12	28	8
PARP2	12	28	12
ZC3H7A	12	52	12
GART	12	28	12
TLDC2	12	36	8
ANAPC7	12	38	12
MBTD1	12	12	4
LARP4B	12	26	8
CPNE1	12	28	12
TARS	12	36	8
GLTSCR1	12	46	12
LOC101928943	12	24	12
C2CD5	12	28	12
CAPN10	12	44	8
AGAP3	12	56	12
DDX42	12	12	12
SPDYA	12	128	8
BROX	12	132	6
ELL	12	48	12
USP39	12	90	6
HIGD1B	12	112	8
SERINC3	12	20	12
EXOC5	12	56	8
ADAM17	12	32	12
NEK7	12	14	12
DRAM2	12	16	12
PQLC3	12	46	12
TPP2	12	26	12
GS1-279B7.1	12	60	12
SNX32	12	144	6
ATP6V1E1	12	24	8
GAMT	12	12	6
RGMA	12	80	12
MIR6880	12	40	12
RNU6-19P	12	34	8
PIK3C3	12	40	12
TCEA1	12	24	8
SEC31B	12	80	6
NT5E	12	36	8
GHRLOS	12	32	12
YLPM1	12	12	6
EDEM2	12	16	8
MIR4766	12	36	12
SUSD1	12	28	8
PLEKHN1	12	36	12
BCAT2	12	36	6
ARL3	12	96	12
MIR5006	12	82	6
CCDC12	12	48	12
ECD	12	12	8
MIR4779	12	40	12
ZNF10	12	48	12
MIR641	12	12	8
C11orf65	12	20	8
DIP2B	12	44	12
QSOX2	12	90	12
LOC101927550	12	20	12
FBXO3	12	32	12
NAE1	12	112	12
MYDGF	12	32	8
BMP8A	12	72	12
LINC01096	12	112	8
CEP85	12	30	8
MIR1260B	12	16	12
PAXBP1-AS1	12	28	8
NOC3L	12	68	12
LZTR1	12	84	8
TMCO2	12	26	10
MIR6511B2	12	50	8
NGLY1	12	30	12
TUBGCP6	12	54	6
PFAS	12	62	10
ARHGAP25	12	12	6
GAS8	12	32	8
VOPP1	12	228	6
PRDX4	12	28	6
PMS2	12	16	8
STOML2	12	36	12
CTBS	12	16	8
VMP1	12	22	12
CLPB	12	16	8
THOC1	12	108	8
ZNF746	12	44	6
PA2G4	12	104	12
SNORD66	12	40	12
NME7	12	32	8
NUFIP2	12	42	12
STK17B	12	42	12
ETF1	12	74	12
ZNF608	12	14	12
UBE2V2	12	30	8
NDUFA7	12	12	4
UGDH	12	100	8
LOC284009	12	24	12
GNA12	12	28	10
ZNF765	12	24	8
SP2	12	78	12
PLEKHG4B	12	20	8
CALCOCO2	12	36	12
ZC3HAV1L	12	32	12
SUPV3L1	12	48	12
DLEU1	12	32	8
RAD54B	12	18	12
MIR620	12	48	12
MIR4444-2	12	22	12
CHD2	12	12	12
EMC3	12	72	12
UBR3	12	118	12
ARID3B	12	52	8
STX5	12	60	12
TMEM14E	12	38	8
KDM4C	12	24	10
LIN9	12	28	8
TRIM56	12	104	4
ELP5	12	56	8
TPR	12	32	12
NEK9	12	76	12
PDCD2L	12	16	12
SUV39H2	12	48	8
TMPRSS12	12	36	10
DOCK9-AS1	12	28	8
MIR3913-2	12	20	8
UBE2W	12	30	12
UCHL5	12	12	8
MIR576	12	104	12
ELP6	12	52	8
ZNF512	12	156	8
RNGTT	12	32	10
TNFRSF11A	12	46	12
ZDHHC20	12	64	12
UBL4A	12	60	12
MIR5687	12	104	4
C19orf25	12	32	12
RBM12	12	36	8
SNORD124	12	44	8
TMEM87A	12	62	10
KLHL10	12	14	12
LGALS3BP	12	264	12
SLC8B1	12	40	12
ZNF805	12	38	12
ACTR6	12	18	8
MIR192	12	18	12
ZBTB10	12	80	8
SERINC5	12	12	12
EPG5	12	34	12
EIF3L	12	58	10
UPF1	12	32	12
CWC22	12	168	12
NDUFA9	12	36	12
CLCN3	12	56	4
PPAP2C	12	168	8
DSCR9	12	16	10
HCFC1R1	12	48	6
KIAA0368	12	60	8
DIMT1	12	36	12
ENTPD4	12	40	12
UMAD1	12	144	4
RIPK1	12	26	12
LOC100505921	12	52	10
PARP6	12	44	8
SYCE1L	12	28	8
MTOR	12	18	12
KDELR1	12	16	12
MIR6514	11	81	11
PARD3B	11	22	11
DPP9	11	11	11
PGPEP1L	11	11	11
MIR4513	11	11	11
TRIM4	11	11	11
CYP20A1	11	92	11
MAN1C1	11	19	11
PLEKHG1	11	11	11
ZNF791	11	63	11
NOL9	11	39	11
STK40	11	22	11
DNAJC4	11	11	11
CTNNB1	11	46	11
PNPLA6	11	43	11
EXOC7	11	11	11
TNFAIP8	11	11	11
THRA	11	47	11
CEP85L	11	66	11
RPS6KB2	11	101	11
LEMD2	11	55	11
SSBP4	11	33	11
WDR66	11	13	11
THAP11	11	22	11
ST6GALNAC6	11	44	11
EIF4A3	11	26	11
FBXL12	11	11	11
PRPF40B	11	11	11
LSM4	11	66	11
SOS1	11	11	11
CHMP4B	10	40	10
DIP2A	10	14	10
ALDH16A1	10	44	6
LEMD3	10	26	10
PDS5B	10	18	8
TIMELESS	10	36	10
ZFP28	10	106	10
RPL27	10	10	10
LIN52	10	18	6
SORBS3	10	20	10
TAF10	10	10	10
TREX1	10	34	10
PPIF	10	10	10
ELF1	10	10	10
GTPBP2	10	50	6
RB1CC1	10	18	10
SMAD2	10	22	6
NIT2	10	36	6
BAIAP2-AS1	10	82	10
ABCB10	10	16	10
SCAPER	10	78	8
LOC102723439	10	46	10
RPAP3	10	44	8
KLHL24	10	58	8
UTP20	10	22	6
PSMD1	10	28	10
YEATS2	10	24	10
BNIP3L	10	20	10
DICER1	10	86	10
GMFG	10	28	10
MDN1	10	14	6
ZNF233	10	44	6
KIAA1429	10	32	10
GPX2	10	20	10
ADGRF2	10	24	8
SUPT16H	10	62	10
APTR	10	124	6
LOC100132215	10	34	8
AGPS	10	26	10
GNPDA2	10	22	10
MTA1	10	24	10
ADIPOR2	10	36	4
PLP2	10	76	10
RNF4	10	22	10
ATRX	10	32	10
MIR624	10	22	4
SFXN1	10	26	10
BRAT1	10	34	8
TRAF3IP2-AS1	10	24	8
SETDB1	10	16	10
MTUS1	10	70	10
TYW1	10	52	8
GPR34	10	10	10
NHLRC2	10	16	8
MIR4687	10	10	10
TNRC6C	10	50	10
DRG1	10	24	10
MRPL28	10	16	10
CWH43	10	22	10
C3orf70	10	40	8
SNRPE	10	10	6
HECTD4	10	20	10
INTS2	10	52	6
POLR3A	10	30	10
MIR548AY	10	12	8
TANGO2	10	16	8
SCARNA22	10	18	10
PPM1B	10	22	8
TAF5L	10	20	10
MRPL47	10	18	6
SNORD41	10	20	6
MVB12A	10	22	10
MCM8	10	36	8
LOC101927257	10	62	10
KLF16	10	36	10
MIR4305	10	14	6
MIR638	10	20	10
FAM122B	10	20	8
DCLRE1B	10	10	10
FAM53B-AS1	10	20	10
PRG4	10	36	10
FHOD1	10	60	5
CHD1	10	20	10
BSG	10	30	10
ATP6V1D	10	56	6
ISYNA1	10	26	6
GTF2A2	10	16	10
MIR766	10	10	10
ZNF526	10	14	6
ARHGAP15	10	64	10
PAPLN	10	10	10
YBEY	10	10	6
SFTPB	10	30	10
STAMBP	10	56	10
RNF216	10	12	10
COPE	10	16	10
LOC100506606	10	16	10
PHF8	10	10	10
BBS2	10	26	10
RPL13	10	30	10
DENND4A	10	44	6
PTH2R	10	60	8
TSPAN13	10	16	6
MIR124-3	10	16	10
GGA1	10	36	10
CDK9	10	50	10
IGF2BP2	10	30	6
PHF20L1	10	62	8
ODF3B	10	19	5
XIAP	10	74	8
MIR4722	10	70	10
RBM26	10	10	10
STAM	10	110	10
PPP1R21	10	18	10
DNMT3A	10	22	8
GLTSCR1L	10	18	10
DEAR	10	46	6
CSDE1	10	40	10
EFTUD2	10	70	10
RSPRY1	10	30	10
ZFAND3	10	32	8
TFAM	10	10	10
ERO1B	10	104	6
ZNF609	10	86	10
BSN-AS2	10	18	10
SECISBP2	10	16	10
ZNF724P	10	28	10
PSIP1	10	18	10
ILF3-AS1	10	38	10
PDK3	10	18	10
MAU2	10	22	10
WAC	10	32	10
NUDCD1	10	76	6
SERPIND1	10	10	10
CSPP1	10	20	8
NSA2	10	26	10
SUPT6H	10	150	10
MIR6079	10	34	6
C9orf139	10	14	8
LTBP4	10	22	6
PYGO2	10	82	10
MIR6801	10	10	10
INSR	10	10	6
ATF7	10	36	10
SLC24A1	10	38	10
ZNF81	10	40	6
RAD23A	10	10	10
APH1B	10	16	10
GPR75-ASB3	10	34	10
TARBP1	10	20	10
HSP90AB4P	10	50	10
COG4	10	18	6
PPA1	10	14	10
ADNP2	10	64	6
RNU4ATAC	10	22	10
CBX6	10	10	10
TRAPPC9	10	26	10
ICE2	10	22	10
ZCCHC14	10	12	10
SNX27	10	26	10
COX6C	10	18	8
MFI2	10	70	8
LATS1	10	30	10
TUT1	10	10	10
MIR4502	10	20	10
MIR7107	10	10	10
CEP152	10	42	8
RECQL4	10	34	6
RASGRP1	10	50	5
ZSCAN21	10	24	10
NPC1	10	34	10
PIP4K2A	10	16	10
CNIH4	10	10	10
FAM83F	10	10	10
IL13RA1	10	60	10
WIPF2	10	22	10
MRPL20	10	18	10
MIR4459	10	26	6
MGAT4A	10	22	10
MIR33A	10	48	10
MFSD10	10	22	6
RPL7L1	10	85	5
LOC101929592	10	24	8
CD44	10	10	10
EHBP1L1	10	10	10
FBXO31	10	22	6
NBAS	10	18	10
U2SURP	10	42	10
MAPRE1	10	30	10
GARNL3	10	44	6
KDM4B	10	24	8
SNX17	10	10	10
PARVB	10	46	8
PTBP2	10	72	10
DR1	10	10	10
BRD7	10	18	10
PTOV1-AS2	10	72	10
DRAP1	10	22	10
LOC101927768	10	94	6
ZNF254	10	22	10
CALU	10	30	10
NRXN2	10	44	10
GSS	10	20	8
MST1	10	36	6
ZFAND6	10	24	8
SH2D5	10	16	10
AP5B1	10	28	10
ETFA	10	14	10
ACAD10	10	34	10
DNA2	10	14	10
HNRNPU-AS1	10	90	10
CLIP4	10	28	10
DTNB	10	46	10
LACTB	10	82	6
SYNJ1	10	44	8
GPR107	10	24	10
UBE2R2	10	10	10
FBF1	10	34	10
IL6ST	10	22	10
LRTM2	10	22	10
B4GALT5	10	114	10
WRAP73	10	16	6
ARF3	10	46	10
AXIN2	10	88	10
MIR32	10	22	10
ATP5J	10	34	10
C19orf47	10	18	10
MIR625	10	24	10
GTF3C2	10	30	10
TOB2	10	14	10
FBXL6	10	10	10
CDC6	10	18	10
KCTD6	10	30	10
MIR5088	10	16	10
CHAF1A	10	54	10
DAD1	10	125	5
MLXIP	10	10	8
VPS53	10	52	10
CYB5D2	10	34	10
MUT	10	20	6
HNRNPC	10	40	10
B3GALT6	10	46	10
RAB7A	10	50	10
DNAH10	10	26	10
GOLGA2	10	34	10
CYP51A1	10	22	6
HSD17B11	10	36	10
LOC101928324	10	74	6
DCP2	10	18	8
MLLT10	10	14	10
RGL4	10	152	10
SENP8	10	20	8
NDUFAF7	10	54	8
PRDM10	10	78	6
EIF3J-AS1	10	40	10
LINC01060	10	10	10
ZNF354B	10	22	10
PSMC2	10	30	10
NASP	10	166	10
KIFC2	10	22	10
TBL1XR1	10	20	10
PTPRA	10	34	10
HUS1B	10	62	10
JMJD6	10	40	10
FOXJ1	10	18	10
FAM117A	10	20	10
PITHD1	10	12	8
ESF1	10	36	10
UPF3B	10	56	8
SNORA5B	10	50	10
THOP1	10	38	6
LIX1L	10	30	10
NDOR1	9	39	9
CHRM3-AS2	9	9	9
THAP1	9	27	9
BAIAP2L1	9	9	9
FAM117B	9	25	9
KLF3-AS1	9	9	9
DPAGT1	9	45	9
TP53BP1	9	36	9
RNF166	9	9	9
ID3	9	14	9
OAZ1	9	9	9
LASP1	9	36	9
MTFR1	9	21	9
NUP210	9	39	9
GPR68	9	9	9
MBNL1-AS1	9	18	9
FAM160B2	9	49	9
NEURL4	9	27	9
HOXB2	9	36	9
ANXA1	9	18	9
C17orf99	9	9	9
CDK3	9	18	9
PPP1CC	9	19	9
EMP3	9	18	9
TTC31	9	9	9
ADGRE5	9	30	9
MYBPC2	9	216	9
NXPE3	9	9	9
KRTAP19-8	9	36	9
ARRDC2	9	9	9
PTOV1	9	9	9
LINC00862	9	9	9
NHLH1	9	9	9
MIR3615	9	9	9
CCR4	9	18	9
MTHFR	9	22	9
POLR2E	9	18	9
NDUFB10	9	18	9
DNAJB7	8	32	8
MED8	8	16	8
KCTD13	8	8	8
SEC24D	8	20	4
WBSCR22	8	80	8
TCTE1	8	12	4
VPS50	8	16	8
TBC1D24	8	8	8
NUDT16L1	8	28	8
SNORD17	8	16	8
MIR4755	8	104	8
RACGAP1	8	22	6
TRPV1	8	24	8
BOD1	8	16	4
TRNAU1AP	8	28	8
SCAP	8	38	6
EGLN1	8	12	6
TRIM24	8	78	8
LINC00515	8	24	8
AGAP2-AS1	8	104	8
NPM2	8	128	4
SENP2	8	20	8
KCNH3	8	14	4
SEC61A1	8	8	8
PIK3R3	8	40	8
MIR133A1	8	28	8
RRAGB	8	14	4
ZZZ3	8	16	8
FBXO38	8	8	8
GNL2	8	20	8
TACO1	8	12	8
ZNF800	8	48	6
SNORA12	8	12	8
ZNF689	8	20	4
IKBKB	8	72	8
CCSAP	8	20	8
XRN2	8	22	8
TRPM4	8	24	8
UFL1	8	80	4
FGFR1OP	8	8	8
LOC100652758	8	88	8
NOL7	8	36	4
TRIOBP	8	12	8
HGS	8	16	8
ALAS1	8	24	8
TM4SF19-TCTEX1D2	8	20	4
MIR6739	8	12	8
ALDH4A1	8	24	8
MTL5	8	30	6
CBARP	8	8	8
SLC27A5	8	20	8
KIF20B	8	16	8
CLK3	8	40	8
PDF	8	16	8
SEPHS1	8	52	8
COQ6	8	24	8
TTC39C-AS1	8	44	8
MRPS35	8	24	4
LINC00673	8	12	4
MRPL22	8	104	4
CDC23	8	12	6
AFF2	8	12	4
CCDC142	8	8	8
TBC1D9B	8	16	8
KRTCAP3	8	48	8
ANTXR2	8	8	8
ZNF529-AS1	8	8	8
COPA	8	28	8
SNORD56B	8	8	8
LINC00598	8	23	7
SNORD71	8	8	8
ARIH1	8	8	8
FAM186B	8	8	8
IRAK1BP1	8	28	4
LRRC40	8	52	8
SLC35B4	8	44	6
NFIC	8	14	8
BTRC	8	44	8
SRPK2	8	100	4
SLC2A8	8	8	8
CELF5	8	36	8
TKT	8	78	8
FAM179B	8	12	8
PPP6C	8	40	8
TDP1	8	28	4
OPA3	8	32	4
PBLD	8	8	8
ZNF263	8	44	4
GYS1	8	38	6
SLC35E1	8	44	8
C16orf13	8	28	8
ATP5H	8	20	8
EFTUD1	8	32	8
DERL2	8	24	8
TCF7L2	8	12	4
PAFAH1B2	8	24	4
ATRAID	8	12	8
HNRNPL	8	8	8
GHRH	8	88	8
OSBPL2	8	24	8
WWP2	8	88	8
LOC101928043	8	16	4
CRIPAK	8	28	8
ZEB1	8	16	8
PCCB	8	16	8
USP44	8	44	4
EIF3J	8	22	8
SERGEF	8	36	8
MIR499B	8	24	8
ZNHIT6	8	48	8
MIR7106	8	28	8
MIR197	8	20	8
KLF7	8	24	8
RASGRP2	8	8	8
RHEB	8	12	8
PTPN23	8	48	4
TMEM210	8	20	4
ENTHD1	8	52	4
WDR59	8	10	4
RALGAPA2	8	14	8
HEATR1	8	16	8
ACADM	8	16	4
PAPD5	8	26	8
EIF4B	8	28	8
QSOX1	8	12	8
NPM3	8	124	8
C6orf1	8	16	8
SKIV2L2	8	20	8
GTF3A	8	16	8
RNU6-28P	8	10	8
ITGA4	8	56	8
OTULIN	8	38	6
TRMT112	8	8	8
WSCD1	8	24	4
TYRO3P	8	16	8
CCDC9	8	8	8
CCDC79	8	28	4
MIR6819	8	8	4
MED29	8	16	8
LOC100505771	8	112	8
MIR5706	8	42	8
SEC23A	8	36	6
ZMYND10	8	16	8
LOC100507373	8	10	8
BEST2	8	72	8
PARP9	8	224	4
TMED6	8	104	4
ACTC1	8	20	8
TOP1	8	10	8
ZNF696	8	84	4
ARMC8	8	28	8
TMEM101	8	24	4
GMPS	8	36	8
BANF1	8	8	8
UGP2	8	32	8
HDGFRP3	8	14	8
CHPF2	8	32	4
BRICD5	8	40	4
TMEM59	8	8	8
POLD3	8	8	8
GIPC1	8	36	8
FN3KRP	8	20	4
SNORA55	8	26	6
PHLPP2	8	40	4
LOC644656	8	36	6
LOC339666	8	40	8
FBXL3	8	24	8
MZF1	8	34	8
AKAP11	8	8	8
PHF14	8	14	8
RNMT	8	64	8
DDX21	8	12	8
LOC100507201	8	36	4
LINC00294	8	20	6
TBC1D13	8	32	8
PSMC3IP	8	16	8
COL23A1	8	8	8
RPL29	8	8	8
MCM3	8	64	4
C22orf34	8	12	8
INADL	8	16	8
ANAPC10	8	12	8
HOXD4	8	28	8
ISCA1	8	8	8
PAPD7	8	44	4
COMMD8	8	24	8
HOOK3	8	42	6
ANP32E	8	24	8
COG3	8	28	8
RAB42	8	20	4
G6PC3	8	8	8
ST7	8	28	8
TMED10P1	8	46	6
LOC101928650	8	100	4
PARP8	8	18	8
NCBP3	8	32	8
ZNF546	8	24	4
LOC101927604	8	48	8
NEK10	8	156	8
MLST8	8	8	8
NAA16	8	14	8
PALB2	8	16	4
MARVELD3	8	24	6
EOGT	8	20	8
MED4	8	32	8
LOC375196	8	10	8
GINM1	8	8	4
GRIN3B	8	10	8
OGFOD3	8	8	8
ESYT1	8	8	8
CNOT11	8	12	8
DKK3	8	8	8
SRPRB	8	16	4
CCNF	8	20	8
CPOX	8	16	4
ZCCHC2	8	52	4
MIR6866	8	8	8
ESCO1	8	56	8
SNORD115-1	8	8	8
STAU1	8	8	8
ICT1	8	32	8
RHOH	8	32	8
PPP2R4	8	36	8
IDH3B	8	8	8
USF1	8	8	8
RRM2B	8	16	4
BOD1L1	8	44	8
ZNF7	8	16	8
JRK	8	24	4
LOC100130370	8	8	8
EDRF1-AS1	8	20	8
TCFL5	8	40	8
LINC01018	8	60	8
HBP1	8	84	8
C16orf87	8	18	2
MSI1	8	32	6
ANK1	8	14	6
SMURF1	8	8	8
CPLX4	8	28	8
LINC00324	8	8	4
IGDCC4	8	12	8
PPP1R42	8	20	4
MTCP1	8	12	4
CACYBP	8	8	4
LOC100128573	8	28	4
GTF2H3	8	24	8
ZNF317	8	16	8
MXI1	8	12	4
CNN2	8	24	8
IL18BP	8	10	6
FAM76B	8	44	8
NKAP	8	20	8
SNORD53	8	92	4
MIR4740	8	8	8
ZNF468	8	24	8
SDHB	8	16	8
COX6B1	8	56	4
SNX18	8	8	8
PRIM1	8	20	8
NOP14-AS1	8	64	8
TUBB3	8	40	8
FAAP20	8	14	8
SEC62	8	16	8
FOXO4	8	16	4
TCTN3	8	32	8
SLC13A3	8	16	8
PGD	8	16	8
MIR3655	8	76	4
TMEM248	8	8	8
COX7A2L	8	84	4
AIFM2	8	40	4
ANXA2	8	20	8
SUSD6	8	8	8
KIAA0319	8	12	8
ENSA	8	28	8
DNAL4	8	32	8
MORN3	8	10	8
CNP	8	8	8
CAPN3	8	28	8
ANKZF1	8	8	4
METTL8	8	8	8
NBR1	8	32	4
DALRD3	8	12	4
PRKACA	8	12	4
NDUFAF6	8	20	8
TMEM262	8	12	8
LAG3	8	28	4
LRRC47	8	8	8
PLK4	8	64	8
ANKRD28	8	16	8
ZNF234	8	38	8
NUP205	8	8	4
MTR	8	8	8
RPN1	8	8	8
TRPT1	8	32	4
PGRMC2	8	20	8
MIR4748	8	20	8
SLC29A4	8	32	8
PSMG2	8	24	4
MIR769	8	12	4
C3	8	12	8
EHD2	8	42	8
PARP12	8	52	8
RFC2	8	16	8
KRBA2	8	16	4
RWDD1	8	12	8
KPNB1	8	32	8
MIR340	8	96	6
ZNF506	8	20	4
SLX4IP	8	12	6
MIR106B	8	20	8
CBLL1	8	8	8
ARPC1A	8	56	8
MIR4745	8	28	8
RNF123	8	16	8
GOLGA5	8	20	4
DEF6	8	80	8
MTFR2	8	112	4
C12orf73	8	20	4
ASCC3	8	24	8
BMS1	8	48	8
MIR1203	8	12	4
KDM6A	8	36	6
ADNP	8	20	8
DCTPP1	8	52	8
ILKAP	8	40	8
KIF5C	8	20	8
XPOT	8	12	8
PPP1R13B	8	12	8
NDUFAF3	8	16	8
LOC100289580	8	12	8
PSMA1	8	16	4
SART1	8	24	8
ASUN	8	8	8
SNORD9	8	24	8
PARK7	8	20	8
LINC-PINT	8	8	8
RAB3GAP1	8	152	8
SLC6A8	8	116	4
C7orf55-LUC7L2	8	56	4
CLIC3	8	16	8
EML6	8	88	4
ZNF45	8	24	8
MAMSTR	8	12	4
EPHB3	8	10	8
SNRPB	8	24	8
MICALL2	8	12	4
ZC3H13	8	16	8
NAA60	8	14	6
CTPS1	8	8	8
SNHG7	8	8	4
SLC38A8	8	44	6
LSR	8	22	8
MCM7	8	8	8
RAB2A	8	22	8
CCT7	8	28	4
RPF2	8	24	4
ZNF175	8	16	4
SREK1	8	10	8
SMARCAD1	8	8	8
HIF1A-AS2	8	36	8
PRDM14	8	16	8
SIRT3	8	18	8
LOC101929505	8	28	8
ROPN1L-AS1	8	8	8
NUCKS1	8	12	8
METTL9	8	14	6
RBM25	8	24	8
XPC	8	48	4
ALS2CR12	8	48	8
MAK16	8	8	4
MRPS18C	8	12	4
IPPK	8	36	8
PTGER1	8	20	8
PIH1D1	8	28	4
ADPGK-AS1	8	12	8
ZNF776	8	8	8
MAPK9	8	40	8
CCDC14	8	32	8
HRASLS5	8	12	8
SLC25A10	8	22	8
UPF3A	8	64	8
TRIP10	8	28	8
CBX2	8	68	4
CDC40	8	28	8
CLDN7	8	180	4
MIR562	8	12	8
CES2	8	14	6
COG2	8	16	6
GPATCH2L	8	12	8
TRIM52	8	32	8
EFCAB14	8	8	8
DNAJC21	8	48	8
PMM2	8	14	8
FAM129C	8	64	8
ORM1	8	26	4
NR1D2	8	12	8
SCARNA20	8	18	8
MIR6807	8	44	8
ATL2	8	12	8
C8orf82	8	14	6
SUCO	8	74	6
FOXE3	8	12	4
INTS6	8	18	6
ROGDI	8	40	4
KLHDC2	8	76	4
DYNC1I2	8	88	8
TMEM127	8	16	8
MIR3916	8	80	4
PLBD2	8	8	8
SNX13	8	14	6
IPP	8	56	8
TTC33	8	48	8
TMEM171	8	10	8
MDM2	8	20	8
SLC22A13	8	20	8
SNORD97	8	120	8
VCL	8	20	8
MIR6751	8	8	8
HSPB1	8	56	8
CDX2	8	8	8
PRRC1	8	48	4
SYCE3	8	8	8
KDM5C	8	56	4
PODXL	8	92	8
RIOK1	8	12	4
RAB5A	8	16	4
VWA3A	8	22	4
EIF3M	8	12	8
ZNF706	8	8	8
MIR3714	8	48	8
TGFBRAP1	8	20	8
SNORD111	8	24	8
ZNF211	8	16	8
ZCCHC17	8	52	8
PSMD2	8	24	8
PLA2G16	8	24	8
SNX8	8	136	8
CHD5	8	8	8
HIATL1	8	108	4
CCDC154	8	12	8
ERMP1	8	26	4
UTAT33	8	24	4
ACRC	8	16	8
LNPEP	8	28	4
ATP11A-AS1	8	8	4
MIR3162	8	12	8
MIR320B2	8	20	4
DHX36	8	28	8
PIK3R2	8	18	8
LOC439933	8	12	6
C6orf89	8	12	8
CASD1	8	46	8
MYCBP2	8	8	6
ZNF837	8	8	8
LOC102723824	8	26	8
ZNF266	8	8	8
RIPK2	8	12	8
FZD9	8	66	6
NUP37	8	28	8
FADD	8	236	8
GPKOW	8	40	8
SUMO3	8	24	8
LONP2	8	28	8
RANBP9	8	24	8
RNF144A-AS1	8	16	4
SYNE2	8	12	8
MIR98	8	20	4
RSL1D1	8	8	4
CCS	8	20	8
RAB10	8	22	6
ZBTB4	8	14	8
GGA3	8	56	8
NR1I2	8	20	8
ZNF326	8	36	8
DVL2	8	68	8
PLSCR3	8	8	8
DGCR2	8	42	8
ZNF343	8	20	4
PHLDA1	8	16	4
RPS6KB1	8	8	4
LOC100506801	8	118	2
PPP4R1	8	42	8
SNX3	8	80	4
CCDC17	8	24	8
SNORA17	8	64	8
SLC9A1	8	44	4
UBQLN1	8	56	8
ODF4	8	12	4
DDB2	8	32	8
TMA7	8	48	8
AGMAT	8	32	8
ATP5I	8	64	8
NOP2	8	16	8
CAPZA2	8	18	8
RRP9	8	108	4
ARFGEF2	8	12	8
C20orf24	8	20	4
MIR151A	8	14	8
RNF216-IT1	8	16	4
QTRT1	8	8	8
MIR4746	8	16	8
OSBPL10-AS1	8	12	8
DOCK11	8	40	8
ATP6V0A1	8	54	6
UBA6	8	60	8
DDX58	8	12	8
TSNAX-DISC1	8	20	8
PTCD3	8	16	4
PAWR	8	8	8
B3GAT3	8	22	8
SCML4	8	20	4
RPS15AP10	8	32	8
MARS	8	16	8
HELB	8	40	8
MIR3713	8	44	6
VEZF1	8	80	8
PPP1R12C	8	84	4
C17orf107	8	24	8
CPSF4	8	12	4
KIAA0355	8	8	8
ERCC5	8	28	8
ABALON	8	8	8
MIR6847	8	16	8
CDAN1	8	32	8
ZER1	8	94	6
DNLZ	8	110	8
R3HCC1L	8	88	4
RNASEH2C	8	16	8
SNORD90	8	32	8
ZNF155	8	48	4
RFT1	8	80	8
RNF113A	8	24	8
AQR	8	42	8
PKM	8	16	4
QTRTD1	8	16	8
SNORA27	8	20	8
SCAMP4	8	16	6
DLG2	8	22	8
RAD9B	8	32	4
HPS4	8	40	4
TMEM104	8	8	8
MTCH2	8	36	4
RAET1K	8	8	8
PBX4	8	136	8
PITPNA	8	104	8
TRUB2	8	12	8
SNORA29	8	8	4
DHX33	8	20	8
HAUS5	8	8	4
SPCS3	8	28	4
EMG1	8	20	8
SNRPF	8	8	4
SRSF10	8	60	8
APAF1	8	12	8
NFYC-AS1	8	24	8
CHMP5	8	20	8
EZH2	8	8	8
LIMS1	8	16	8
TATDN3	8	36	8
HNRNPLL	8	16	8
CNPPD1	8	8	8
ERVW-1	8	40	8
PAXBP1	8	20	8
RNU86	8	8	8
RYK	8	14	6
KDM4A-AS1	8	12	8
RNF111	8	64	6
MINA	8	48	4
RAB11FIP4	8	8	8
ACTA2-AS1	8	8	4
AAK1	8	8	8
DCTN2	8	78	6
NOXO1	8	108	4
SMURF2	8	18	8
POLR1E	8	28	4
SNORD105	8	16	8
ATP13A2	8	28	4
ZNF771	8	8	8
CCNDBP1	8	14	8
EIF3K	8	16	4
HMGCR	8	32	8
LOC101927151	8	28	8
TSL	8	8	6
FAM83C	8	76	4
CEP131	8	10	8
TBC1D29	8	16	4
POU6F2-AS1	8	8	8
POM121L2	8	16	8
MIR2278	8	12	8
FAM8A1	8	12	8
B4GALNT3	8	28	8
FYCO1	8	72	8
MIR6852	8	24	8
RALGDS	8	8	8
KIAA0196	8	24	8
TMEM160	8	24	8
SLC2A4RG	8	8	8
CD55	8	20	8
QARS	8	112	4
FBXO7	8	18	8
LOC101409256	8	20	8
MIR7108	8	52	4
TFE3	8	12	4
DNASE2	8	32	8
VHLL	8	28	4
ATG16L1	8	20	8
TTLL3	8	12	4
DNASE1	8	12	6
EXOSC1	8	8	8
NAIF1	8	8	4
TMCO1	8	12	8
HARS2	8	12	8
APOPT1	8	64	4
LBX2	8	40	4
ETNK1	8	22	4
DCXR	8	12	8
APP	8	18	8
DHPS	8	32	8
STON1-GTF2A1L	8	16	8
MZF1-AS1	8	24	8
ZC3H8	8	8	8
ZNF286A	8	38	8
UBA1	8	16	8
ONECUT3	8	8	8
SIGLEC16	8	36	8
C19orf18	8	24	8
AARSD1	8	12	8
ZNF385C	8	8	8
MIR122	8	16	4
COX18	8	20	8
CLEC2L	8	24	8
SLC20A1	8	8	8
MIR5739	8	22	6
DBNDD1	8	40	6
PPIP5K2	8	32	4
SUMO1	8	44	8
SNORD141A	8	8	8
HIBADH	8	20	8
ZRANB2	8	48	4
TPM1	8	228	4
POP5	8	24	8
WDR55	8	52	4
SCARNA9	8	16	4
SLC34A2	8	72	4
SCARNA21	8	24	8
PARL	8	24	8
CAT	8	12	8
MIR4417	8	32	4
TM7SF2	8	8	8
ZNF614	8	16	8
PLEKHF2	8	22	8
LOC100996342	8	8	4
PAPOLB	8	16	8
ANAPC4	8	20	6
MPND	8	8	8
MAT2A	8	16	4
CDK5RAP1	8	12	4
ATXN7L3	8	104	4
LMOD3	8	32	4
OXCT1-AS1	8	12	8
FAM87B	8	66	6
RNF19A	8	80	8
ARAF	8	8	8
CRYGN	8	108	4
BAMBI	8	20	4
GPR151	8	16	8
DIS3L2	8	32	8
THRA1/BTR	8	140	4
ITK	8	8	8
PGBD4	8	8	4
SACS	8	8	8
ASAP1-IT1	8	16	8
FOXP4-AS1	8	68	4
LAMP5-AS1	8	8	8
TECR	8	16	8
XXYLT1	8	12	8
MRPL33	7	56	7
SNX25	7	14	7
ZNF890P	7	14	7
TXNIP	7	14	7
LINC00260	7	7	7
IL4R	7	28	7
BATF2	7	140	7
SGSM3	7	7	7
SHC1	7	21	7
MIOS	7	14	7
ZNF83	7	42	7
NR1D1	7	7	7
PTGFRN	7	14	7
NDUFV2	7	21	7
ZNF592	7	21	7
DENND2D	7	28	7
SEPT6	7	14	7
SLC25A45	7	168	7
DEK	7	7	7
ADGRA3	7	35	7
MIR181A1HG	7	29	7
LINC01004	7	7	7
EXT1	7	26	7
RNU6-10P	7	28	7
MIR6816	7	21	7
ARHGAP4	7	7	7
LOC101927730	7	7	7
VAMP2	7	14	7
LOC101929517	7	7	7
ARF6	7	7	7
BTG1	7	14	7
SUSD2	7	7	7
PRKD3	7	21	7
KCNJ1	7	7	7
PLCL2	7	21	7
QPRT	7	21	7
ZNF687	7	7	7
MSL3	7	14	7
RTKN2	7	10	7
MIR6892	7	35	7
PIK3IP1	7	7	7
ABLIM1	7	7	7
RBM44	6	16	6
MCM5	6	18	6
MICAL1	6	14	6
SGSH	6	36	6
SIPA1L1	6	6	6
PSMB5	6	34	4
SERTAD2	6	42	4
ALG9	6	6	6
UBE2Z	6	30	6
CXXC5	6	16	6
GAS8-AS1	6	26	4
TLL2	6	20	6
DPYSL5	6	54	4
TOX	6	30	2
ZNF780B	6	6	6
ZNF627	6	36	6
TTC39A	6	42	6
LOC102724596	6	28	6
TEX40	6	28	2
CCNC	6	10	6
OCIAD2	6	6	6
PSMA3-AS1	6	12	6
ZNF275	6	6	6
KCND1	6	10	6
CDK16	6	18	3
GRN	6	6	6
CHD6	6	30	6
UBE2Q1-AS1	6	8	6
FSCN2	6	12	6
RC3H2	6	24	6
PRMT3	6	10	6
SLX4	6	24	6
WDR60	6	6	6
TEN1	6	18	6
ANKS1B	6	18	4
MYO5C	6	22	6
ZNF57	6	24	6
CTR9	6	18	6
HSPB9	6	170	6
OGDHL	6	12	6
NFKBIB	6	12	6
SLTM	6	10	6
REPIN1	6	276	6
CAMK2D	6	82	6
TSG101	6	18	6
ZBTB47	6	34	6
KAT6A	6	22	6
TAF1B	6	6	6
FBXW4	6	22	6
ENPP7	6	6	6
LOC102467223	6	30	2
PPFIA1	6	48	6
ARHGAP17	6	26	6
MIR4482	6	6	6
MIR153-2	6	14	6
MRS2	6	14	6
MYO6	6	30	6
IRF2BP2	6	6	6
C9orf85	6	20	6
RAB3A	6	24	4
SYN3	6	10	4
MIR222	6	64	6
HOXC4	6	54	6
MIR663B	6	6	6
GRWD1	6	10	6
ETFB	6	18	4
TRAF4	6	18	6
FUNDC2	6	56	6
ELOVL1	6	12	4
NOXA1	6	14	4
DUX4	6	6	6
NDC1	6	48	6
ZNF432	6	42	6
SCMH1	6	16	4
SIT1	6	36	6
RPL22	6	6	6
SNORA21	6	60	6
LDHB	6	24	6
NUDT21	6	8	6
FAM13A	6	6	6
MIR3134	6	12	6
CTDSPL2	6	18	6
BNIP2	6	6	6
TACC3	6	90	6
TUBA1C	6	12	4
CEP135	6	24	4
IQCG	6	12	4
FAM134C	6	16	2
ZNF26	6	12	6
FSTL3	6	26	4
NUP50	6	18	6
SSH2	6	18	6
CREB1	6	58	6
PDZD8	6	18	6
RCN2	6	28	6
SELT	6	6	6
ANKRD55	6	36	2
MIR548AA1	6	18	6
SPIRE2	6	30	4
PREX1	6	48	6
SNAP23	6	18	6
C8G	6	6	6
MIR6868	6	12	6
GMNN	6	16	4
SNX14	6	48	6
LOC104968399	6	30	6
VIM-AS1	6	6	6
CRK	6	12	6
ERH	6	8	6
CHUK	6	48	6
RAC3	6	6	6
CEL	6	18	6
HELLS	6	14	4
SMG1P7	6	18	6
LUC7L3	6	30	6
SIM2	6	26	6
KIF9	6	14	6
GTF2H1	6	6	6
SNORA14A	6	10	4
ZMYM6NB	6	34	6
HOXA-AS3	6	14	4
FMR1	6	6	6
LOC102723427	6	42	6
SLC22A16	6	6	6
SAMD4B	6	48	6
SNORD111B	6	12	6
ACOT4	6	6	6
SNORA67	6	42	6
NAT14	6	24	6
LIMD2	6	6	6
CEP290	6	34	6
ZMPSTE24	6	10	6
POP1	6	14	6
VPRBP	6	24	6
ATG3	6	46	6
C22orf39	6	26	6
ZFP37	6	6	6
PIGV	6	10	6
TPST1	6	24	6
PFN2	6	22	6
FAM212B	6	26	6
LOC100134368	6	18	6
ZNF574	6	6	6
ZNF235	6	18	6
ZC3H15	6	6	6
MYO9B	6	6	6
ANKRD39	6	14	6
FIS1	6	70	2
PRKAR2A	6	28	6
DNASE1L1	6	6	6
SIK3	6	10	6
ZNF106	6	26	6
LOC100289673	6	10	6
EIF3A	6	6	6
HSP90B2P	6	38	4
ZNF577	6	6	6
ATXN3	6	12	6
IGHMBP2	6	6	6
C9orf69	6	6	6
VPS29	6	14	6
LAMC1	6	28	2
AXDND1	6	10	6
BARHL1	6	14	6
TNFRSF25	6	6	6
EFNA2	6	18	6
RBL2	6	12	6
HTATSF1	6	14	6
JAK2	6	10	6
TCEB3	6	12	6
CAPN12	6	6	6
BTF3L4	6	20	6
DNHD1	6	54	6
THOC2	6	40	4
MAP4	6	42	6
CDC42EP2	6	8	6
PGGT1B	6	28	4
COL6A2	6	62	6
VPS37A	6	8	6
STK26	6	14	6
UXT-AS1	6	20	6
PI16	6	6	6
ZNF547	6	6	6
TELO2	6	6	6
PRKY	6	6	6
MKLN1	6	12	6
RNU6-46P	6	30	6
FAM104A	6	66	6
MPHOSPH8	6	22	6
LINC00094	6	10	6
GNPTG	6	38	6
IGF2BP3	6	6	6
SLC18B1	6	22	6
SNORA58	6	16	6
SLAIN2	6	108	6
ZNF398	6	18	6
GLMN	6	14	6
CCDC8	6	6	6
CCNK	6	26	6
POLE4	6	16	6
GNA14-AS1	6	22	6
TPT1-AS1	6	78	6
GID8	6	6	6
VPS13B	6	22	6
GSK3B	6	12	4
KATNA1	6	10	6
ZNF763	6	18	6
ACOT9	6	6	6
PGRMC1	6	64	4
MATN2	6	12	6
SIDT2	6	6	6
ZNF101	6	60	6
STAG1	6	6	6
STARD4-AS1	6	16	6
CSRP3	6	6	6
C12orf65	6	6	6
CDC42EP1	6	22	6
GEMIN7	6	12	6
CCDC66	6	6	6
MIR6794	6	26	6
YIPF3	6	6	6
FADS2	6	8	6
SEC61A2	6	18	6
ZBED6	6	18	6
NSUN2	6	24	6
POLRMT	6	14	6
GPATCH2	6	14	6
STX2	6	38	4
NTNG2	6	6	6
ESRRA	6	18	6
CPNE7	6	18	6
SEP15	6	6	6
RPL11	6	12	6
RAP2B	6	6	6
CHKA	6	10	4
TNIP1	6	36	6
TET2-AS1	6	12	6
NDUFA12	6	10	6
MUS81	6	36	6
CUL3	6	64	6
FAM208A	6	16	4
C3orf62	6	6	6
TUBGCP4	6	82	6
COG7	6	10	4
LRRC45	6	18	6
ZNF684	6	38	6
FLAD1	6	22	4
RMDN1	6	16	6
AGTPBP1	6	22	6
RPL36	6	20	6
ZXDC	6	70	6
LINC01000	6	6	6
DPP9-AS1	6	22	6
LIN7B	6	12	2
MEMO1	6	10	6
INO80D	6	14	6
STAP1	6	6	6
LOC653712	6	7	6
DNAJB13	6	30	6
SUGP1	6	46	6
RNF34	6	14	6
EIF1AX	6	26	6
AGK	6	18	4
VIMP	6	6	6
ZFYVE21	6	32	6
UBE2E1	6	12	4
SEPT7P2	6	6	4
SMNDC1	6	30	6
USF2	6	90	6
MIR6865	6	6	6
ZNF30	6	6	6
MIR6742	6	6	6
ZNF669	6	12	6
ZBTB44	6	22	6
KLF12	6	42	6
MPV17L2	6	6	6
NDUFS4	6	6	6
DEDD	6	12	6
MIR4645	6	66	6
ZC3H12C	6	6	6
ARL9	6	38	6
PRDM13	6	30	6
LINC00520	6	24	4
ZNF512B	6	6	6
FIBP	6	54	6
MIR103A2	6	10	6
ZNF227	6	8	6
HMBOX1	6	14	6
XPO1	6	48	6
RAB11FIP3	6	6	6
CLINT1	6	24	6
UNC93A	6	12	6
SLC30A1	6	6	6
GNG4	6	24	6
BIN1	6	8	6
CNTNAP5	6	6	6
SND1	6	18	6
PITPNM1	6	6	6
AP5M1	6	14	6
SHFM1	6	6	6
UBXN4	6	6	6
MIR4767	6	6	6
CCAR2	6	6	6
ACAT2	6	16	6
MTERF2	6	20	6
PHLDB1	6	16	6
CTTN	6	16	6
ZNF256	6	6	6
ZNF720	6	16	6
SSPN	6	30	6
ZNF224	6	14	6
NDUFS6	6	18	6
NCOA2	6	26	6
FN3K	6	18	6
PIM1	6	6	6
PLA2G4B	6	6	6
PICK1	6	44	6
MIR3934	6	78	6
CPEB4	6	40	2
ADCY9	6	12	6
PHF10	6	8	4
SLC9A6	6	30	6
TSSK4	6	42	6
CHRNA6	6	26	6
CSTB	6	10	6
ZNF823	6	6	6
GTPBP8	6	6	6
SNAR-F	6	6	6
MBD3	6	26	6
DHX40	6	18	6
SYNJ2	6	10	6
MIR6755	6	14	6
C10orf95	6	18	6
AAMP	6	6	6
DPY19L3	6	10	4
NCOA1	6	72	6
MIR1269A	6	8	6
FAM53B	6	90	6
CSTF3	6	18	4
ISY1	6	16	6
COL4A3BP	6	18	6
BAG3	6	6	6
ZNF283	6	24	6
CLCN7	6	42	6
MIR3658	6	6	6
LRRC41	6	24	6
DCTN4	6	12	6
PRKRIP1	6	6	2
RALGAPA1	6	32	6
CNOT7	6	12	6
CT62	6	42	6
SPAST	6	18	6
C8orf33	6	8	6
ADGRL3-AS1	6	6	4
YTHDF3	6	6	6
SLF1	6	30	6
FAM183BP	6	12	4
UBE2F	6	40	4
C2orf68	6	12	6
NANOS1	6	24	6
C4orf29	6	16	6
ELMO3	6	12	6
NDUFAB1	6	6	6
C11orf94	6	66	2
ZNF641	6	48	6
AIMP1	6	10	6
MIR425	6	12	6
ARL2BP	6	6	6
MIR935	6	18	6
TMLHE-AS1	6	38	6
STT3B	6	26	6
SNRNP40	6	34	6
UHMK1	6	20	4
CD74	6	6	6
SPIDR	6	6	6
CXorf38	6	20	6
PEX6	6	6	6
MIR4312	6	14	6
METTL4	6	14	6
ZDHHC6	6	6	6
LOC100506136	6	18	2
ENTPD7	6	16	6
ZC3H7B	6	20	6
PSMA5	6	6	6
TBC1D16	6	22	6
TTC28	6	114	4
MIR548D1	6	6	6
CDC42BPA	6	20	6
SNORA31	6	30	6
ZBTB40	6	24	6
EXOSC10	6	14	6
DENND4C	6	34	6
XPA	6	36	6
SLC9A8	6	8	6
UBLCP1	6	10	6
REST	6	14	6
SLC30A3	6	6	4
TBX1	6	12	6
CSNK1G1	6	24	4
KIAA0391	6	8	6
DYNC1LI2	6	6	6
VKORC1L1	6	14	4
TKTL1	6	6	6
SMARCA2	6	12	6
RNF139	6	6	6
PCDHGA6	6	6	6
RCHY1	6	34	6
LINC00942	6	18	6
HES4	6	132	6
PRKACB	6	6	6
ZNF507	6	6	6
PPP1R2P9	6	16	4
DCTN5	6	140	6
CHST7	6	102	6
LINC00635	6	18	6
TTC7B	6	8	6
ARHGAP19	6	26	6
LRRC14B	6	56	2
INTU	6	34	4
ABCB7	6	10	6
SLC12A2	6	114	6
MEF2A	6	10	6
TRMT1L	6	10	6
CIAO1	6	38	2
EIF2B5-AS1	6	12	6
BUD13	6	8	4
HNRNPK	6	18	6
MAOA	6	33	6
PCGF5	6	8	6
RBBP4	6	6	6
VCPKMT	6	14	6
HEBP2	6	44	6
LRRC8B	6	12	6
ZNF480	6	6	6
PROSER1	6	22	6
FANCG	6	8	6
ATP6V0C	6	12	6
BNIP1	6	16	6
FAM222B	6	30	6
INCENP	6	30	6
PTPN2	6	20	6
BAX	6	6	6
NT5DC2	6	34	4
TRAM1	6	6	6
MIR1249	6	44	6
MIR573	6	56	6
CEP78	6	36	6
PDE7A	6	16	6
FANCD2	6	26	6
MIR3924	6	18	6
RNLS	6	66	2
MAP2K7	6	18	6
C1orf131	6	6	6
GDI1	6	42	6
TMEM128	6	22	6
TMEM120A	6	26	6
RRN3P2	6	24	6
AGO2	6	32	6
CUL5	6	18	6
KIAA1551	6	12	6
MIR2110	6	10	6
NUP35	6	6	6
WDR20	6	14	6
FTSJ1	6	66	6
MSH6	6	18	6
SKIL	6	36	6
METTL2B	6	10	6
S100A10	6	6	6
THADA	6	6	6
DOK7	6	24	4
THAP5	6	36	6
RORA-AS2	6	10	6
DLAT	6	18	6
ADGRF3	6	6	6
SLC25A43	6	24	2
RNU6-82P	6	14	6
SLC30A7	6	40	6
ASB1	6	18	6
PHF2	6	16	6
AGL	6	42	6
MAP3K3	6	10	6
TXNL1	6	38	6
CKM	6	30	4
NHEJ1	6	6	6
NEMF	6	6	6
MAFK	6	10	6
TMEM265	6	14	6
MIR6853	6	6	6
SNORA41	6	30	6
PPP2R2A	6	12	4
RBM47	6	12	6
TRIB2	6	12	6
UBE2B	6	14	6
ZNF777	6	20	6
FKBP15	6	10	6
DACH1	6	20	4
PODNL1	6	36	6
AMN1	6	6	6
SUPT7L	6	80	6
NT5C3B	6	26	6
SNORA11B	6	14	6
FLJ25758	6	6	6
MFSD8	6	12	6
LOC100507175	5	14	5
MIR4803	5	29	5
IL23A	5	10	5
IRF9	5	10	5
KLRF1	5	10	5
SPPL2B	5	5	5
CMTM7	5	40	5
PTPRE	5	5	5
MIR718	5	14	5
ZAK	5	5	5
TDRD3	5	60	5
DAPP1	5	10	5
MED18	5	20	5
BAAT	5	20	5
LITAF	5	5	5
CERS6-AS1	5	10	5
SNCA-AS1	5	5	5
LOC729683	5	110	5
ADCK5	5	5	5
FSBP	5	10	5
TRIM47	5	5	5
CRYBA1	5	5	5
PPP1R3E	5	20	5
ORC2	4	16	4
MRI1	4	8	4
MIR548AK	4	4	4
SPACA6P-AS	4	14	4
HAUS6	4	20	4
NAMPT	4	4	4
PIGG	4	52	4
RAB30	4	8	4
LOC642423	4	64	4
ATP5D	4	4	4
NME2	4	16	4
SCRN3	4	4	4
CNTNAP3P2	4	6	4
GPR161	4	8	4
LINC00342	4	4	4
DPF1	4	14	2
LOC148413	4	4	4
FBXO28	4	8	4
RNF41	4	12	4
CPSF3	4	4	4
ADAP1	4	10	2
B4GAT1	4	12	4
MIR3654	4	8	4
CBL	4	8	4
TP73-AS1	4	6	2
PDK1	4	4	4
TMEM126A	4	4	4
SLC35E3	4	16	4
RFX3	4	42	4
LINC01565	4	4	4
C1orf174	4	8	4
MRS2P2	4	4	4
DMTF1	4	20	4
PCBP3	4	20	4
KIF3C	4	8	2
TRIM44	4	4	4
NSFL1C	4	4	4
CRTAP	4	6	4
GTF2E2	4	4	4
SYF2	4	4	4
FBXO11	4	12	4
MIR1537	4	4	4
STARD7-AS1	4	8	4
OPN1SW	4	4	4
DRG2	4	4	4
ZNF260	4	6	4
OTP	4	8	4
LOC150776	4	4	4
HKR1	4	6	2
KLHL22	4	8	4
SNAPIN	4	4	4
ASPH	4	8	2
SNORA46	4	8	4
PARD6B	4	14	2
SZRD1	4	4	4
LOC100422556	4	4	4
LMBRD1	4	48	4
SCLY	4	24	4
PAF1	4	16	4
OVOL1-AS1	4	4	4
SLC25A12	4	12	4
NANS	4	8	4
SFMBT2	4	12	4
MIR6744	4	12	4
DHDDS	4	12	4
VDAC3	4	12	4
MITD1	4	58	2
HCLS1	4	20	4
MIR146B	4	4	4
EID2B	4	4	4
GPBAR1	4	8	4
MIB2	4	12	4
STMN3	4	28	4
COL6A1	4	12	4
RNU6-69P	4	6	4
PTCD1	4	12	4
RNF149	4	4	4
PXT1	4	8	4
RBCK1	4	8	4
MCM6	4	24	4
FGD5-AS1	4	4	4
FAM129B	4	8	4
GATA4	4	4	4
C15orf62	4	16	2
LRRN4	4	4	4
ASNSD1	4	4	4
DET1	4	44	4
MAPK8	4	18	4
FUBP1	4	8	4
CNPY2	4	12	4
FHL5	4	4	4
CUL7	4	20	4
AMH	4	44	4
RGS14	4	48	4
SNORD91A	4	16	4
UBE2O	4	4	2
AP1S2	4	4	4
ZNF587B	4	10	2
IMPG2	4	4	4
PISD	4	4	4
STK10	4	4	4
MEX3D	4	52	4
FAM160B1	4	24	4
ANKS1A	4	18	2
CACTIN	4	4	4
ATP5J2	4	4	4
LDLRAP1	4	4	4
SNORD38B	4	8	4
LINC01360	4	22	4
ASNS	4	42	2
PRMT5	4	12	4
CHRNB2	4	4	4
PPP1R2	4	4	4
GPN2	4	16	4
PHYHD1	4	4	4
MANBAL	4	4	4
GPR155	4	4	4
LOC100506472	4	4	2
CASZ1	4	4	4
KCNJ14	4	8	4
MIR600	4	4	4
PPIB	4	4	2
MAPK3	4	12	4
PPRC1	4	12	4
FH	4	8	4
LOC101928809	4	4	4
SLC25A26	4	4	4
TCOF1	4	8	4
DDX23	4	16	4
ZSCAN26	4	16	4
PGAP1	4	8	4
IARS	4	4	4
TM9SF1	4	4	4
KNDC1	4	4	4
CROCCP2	4	12	4
ABI2	4	12	4
GLUD1	4	4	4
DCAF13P3	4	6	2
LINC01377	4	8	4
SPDEF	4	24	4
MRPS23	4	8	4
CELA3B	4	4	4
SENP7	4	4	2
COPS5	4	12	2
UHRF1BP1	4	20	4
ARHGEF16	4	8	4
LOC648987	4	12	4
VWCE	4	4	4
SESN1	4	8	4
NKX2-4	4	12	4
WEE1	4	32	4
CEBPZ	4	24	4
KLF5	4	10	4
LOC105747689	4	4	4
PARP11	4	24	4
BMP10	4	12	4
LOC643802	4	26	4
NOL11	4	8	4
CARS2	4	20	4
LOC100507250	4	68	4
RASSF2	4	4	4
MIR5581	4	4	4
GUCD1	4	4	4
MTO1	4	4	4
ZBTB17	4	12	4
MIR4297	4	64	4
SPATA5	4	4	4
FADS1	4	4	4
NDUFV1	4	4	4
LOC91450	4	4	4
TTC3	4	4	4
NAT10	4	8	4
PLK1	4	4	4
GCN1	4	8	4
STIM2	4	12	2
ULK3	4	4	4
DMRTA2	4	24	4
GABRR2	4	92	4
PODN	4	4	4
RBMS2	4	20	4
MIR8077	4	6	4
GHSR	4	12	4
L3MBTL3	4	10	2
SHISA3	4	8	4
TSPAN33	4	24	4
PPIAL4C	4	4	4
RBMXL1	4	4	4
CDC5L	4	16	4
ZNF680	4	4	4
DND1	4	6	2
MIR1307	4	20	4
C7orf26	4	18	2
HSPH1	4	4	4
ADGRL3	4	8	4
LMAN1	4	32	4
ZNF302	4	28	4
WTIP	4	28	4
CREBRF	4	20	4
HAGHL	4	84	4
RABGEF1	4	46	2
C5orf38	4	8	2
NFE2L2	4	28	4
PALM	4	4	4
NDUFA5	4	12	4
C11orf80	4	10	4
CREM	4	6	4
INPP5F	4	36	4
CHAF1B	4	4	4
TM9SF4	4	4	4
SNAP47	4	16	4
SNORA110	4	20	4
COA5	4	16	4
MAP7	4	6	4
CPED1	4	16	4
SETD7	4	8	4
WNT8B	4	12	4
GMDS	4	8	4
C16orf95	4	8	4
CRCP	4	20	4
WWP1	4	4	4
LRRC57	4	8	4
CPD	4	18	4
MIR550A1	4	24	4
FAH	4	8	4
RP9	4	4	4
ACADVL	4	24	4
QDPR	4	4	4
MMP17	4	14	4
APEH	4	12	4
LPGAT1	4	26	4
CYTH2	4	4	4
TAPT1	4	12	4
DUSP22	4	4	4
TOR1AIP2	4	24	4
TCERG1L	4	4	4
SAMD14	4	4	4
CMYA5	4	6	4
DNAJB14	4	18	4
NUMB	4	4	4
PDCL	4	4	4
MYL6	4	16	4
MPP1	4	4	4
PLA2G12B	4	8	4
C11orf58	4	12	4
SLC5A11	4	40	4
HAS3	4	8	4
UBE2V1	4	6	4
INE2	4	4	4
MIR4707	4	10	4
CFAP36	4	28	4
BRPF1	4	20	4
GADD45B	4	24	4
FECH	4	26	2
CLASRP	4	32	4
MIR640	4	4	4
SETD1A	4	4	2
SAP30BP	4	4	4
LYSMD4	4	4	4
HIPK1	4	12	4
SLFN11	4	4	4
COPS2	4	16	4
H2AFJ	4	28	4
RCC2	4	4	4
SLC35D1	4	24	2
TMX1	4	16	4
PKD2L2	4	8	4
MIR374A	4	14	4
ANKRD10	4	8	2
RABL6	4	4	4
LOC171391	4	72	4
CD2AP	4	4	4
ATR	4	24	4
FANCL	4	18	4
SLC35D3	4	4	4
TMOD1	4	24	4
MAN2A2	4	8	4
ACVR1B	4	16	4
SLC47A1	4	12	4
VWA8	4	12	4
STH	4	16	4
ARFIP2	4	48	4
CHMP2B	4	8	4
CLSTN1	4	4	4
BIRC6-AS2	4	12	4
ASB16-AS1	4	8	4
OFD1	4	8	4
EVPL	4	36	4
COPS8	4	4	4
EHBP1	4	14	4
MDH2	4	16	2
ORMDL1	4	4	4
PLEKHG7	4	4	4
SNORD88C	4	32	4
MAPKAPK3	4	4	4
ENOSF1	4	8	4
IFT80	4	16	4
SNORD23	4	16	4
NAB2	4	4	4
CELF6	4	32	4
HMBS	4	12	4
C4orf19	4	4	4
UBAC2	4	8	4
PYROXD1	4	4	4
HDHD2	4	20	4
SNAPC5	4	8	4
DDX55	4	4	4
FDX1	4	4	4
LOC100505984	4	20	4
FUOM	4	32	4
URM1	4	4	4
LINC00309	4	36	2
CHORDC1	4	16	4
FAM207A	4	4	4
THAP2	4	4	4
IL4I1	4	20	4
CPEB2	4	24	4
NUP93	4	4	4
MFN1	4	12	4
PLCG1	4	4	4
RBM19	4	6	4
GRIPAP1	4	8	4
ZP1	4	8	4
WDR76	4	16	4
PLAC8L1	4	20	4
CGGBP1	4	12	4
SNORD127	4	28	4
VAX2	4	18	2
DUSP9	4	16	4
RINT1	4	4	4
RBM43	4	4	4
TAF11	4	4	4
ELK1	4	100	4
ATP2B1	4	4	4
LRRC4C	4	10	4
ADNP-AS1	4	4	4
SSR4	4	8	4
FAM120C	4	12	4
ATP5B	4	4	4
KANSL3	4	12	4
SRSF7	4	4	4
ERAP1	4	8	4
ID2	4	8	4
PLSCR1	4	32	4
SEMA7A	4	12	4
ZNF821	4	4	4
BCAT1	4	8	4
SSB	4	4	4
CCDC53	4	16	2
ANKRD19P	4	38	2
GATA2	4	8	4
ATP5L2	4	4	4
SEC11A	4	4	4
PKN2-AS1	4	4	4
YWHAE	4	4	4
MST1R	4	16	4
C21orf58	4	4	4
LETM1	4	4	4
ZWILCH	4	38	4
GDF15	4	56	4
EAPP	4	4	4
RASD2	4	8	2
SMAD3	4	4	4
RNU6-57P	4	20	4
KCTD2	4	8	4
EPHA8	4	8	4
USP8	4	8	4
MED27	4	14	2
LINC00378	4	10	2
CCDC62	4	4	4
SNORD19	4	104	4
PTGS2	4	28	4
BCAS4	4	132	4
ARPP19	4	8	4
LOC100289561	4	12	4
ACTR2	4	20	4
GPAM	4	4	4
ANP32A	4	4	4
NAGA	4	44	4
PITPNM2	4	6	4
ERI3-IT1	4	24	2
MIR320E	4	4	4
NRBP1	4	8	4
IWS1	4	56	4
GPR180	4	18	2
DMBX1	4	12	4
GRAMD1B	4	4	4
EXOSC8	4	4	4
SLC3A1	4	8	4
FAM124A	4	18	2
MYL12B	4	52	4
RNF220	4	6	2
LOC101927027	4	8	4
MIR3940	4	20	4
LINC00899	4	8	2
LOC101928767	4	4	2
S1PR5	4	6	2
SNRK	4	4	4
AVL9	4	4	4
PDZD9	4	28	4
MIR6889	4	20	4
RFX1	4	6	2
HRH4	4	8	4
C9orf114	4	36	4
CCSER2	4	4	4
B3GALT2	4	12	4
NRBF2	4	4	4
PQLC2	4	34	2
PTMS	4	16	4
BOLA3-AS1	4	12	4
LINC01555	4	4	4
MAP2K1	4	4	4
EIF2AK2	4	4	4
THEM5	4	4	4
CEP41	4	10	2
MED13L	4	8	4
BCAS2	4	12	4
LEAP2	4	16	4
FAM206A	4	16	4
ZNF479	4	4	4
LRP5L	4	44	4
SRP72	4	16	4
CMTR1	4	8	4
GPX3	4	28	4
SGSM2	4	8	4
METAP2	4	8	4
HSD17B4	4	16	4
LOC100996291	4	4	4
MYL9	4	12	4
SNORD81	4	20	4
DNAJC28	4	48	4
SNORD60	4	28	4
B3GALNT2	4	12	4
FIP1L1	4	4	4
FAM132B	4	16	4
SLC25A32	4	4	4
FAM71E1	4	4	4
SLC11A2	4	12	4
ACOT12	4	6	4
MIR4454	4	4	4
SLC17A5	4	28	4
ZNF780A	4	12	4
NYAP1	4	4	4
MIR221	4	4	4
MIR324	4	30	4
LOC102723780	4	4	4
HHIP	4	4	4
RPRD1B	4	4	4
SDC1	4	10	4
COA6	4	44	4
HIGD1A	4	4	4
SLA2	4	14	4
MPHOSPH6	4	28	4
ATP6V1C1	4	26	4
C5orf56	4	4	4
CLASP2	4	16	4
TMX4	4	26	4
SRSF11	4	16	4
MIR553	4	4	4
HEATR3	4	4	4
MIR128-1	4	8	4
OSMR	4	4	4
MTMR14	4	4	4
TAF12	4	126	2
SNAPC1	4	4	4
TBC1D10B	4	16	4
PWWP2A	4	8	4
ZC3H3	4	8	4
ZNF142	4	16	4
RAB4B-EGLN2	4	4	4
ULK2	4	4	4
PGBD3	4	4	4
SECISBP2L	4	22	2
EZR-AS1	4	4	4
DEF8	4	16	4
JSRP1	4	16	4
CDKL4	4	8	4
RABEPK	4	20	4
NAAA	4	8	4
MIR4639	4	4	4
ERGIC1	4	10	2
MIR6895	4	4	4
VAMP4	4	10	4
MIR6070	4	44	2
SIPA1L3	4	6	4
MIR3619	4	4	4
C20orf196	4	36	4
HHIPL2	4	8	4
NCBP2-AS2	4	8	4
IL17RA	4	4	4
MIR199B	4	4	4
CCDC127	4	4	4
HIVEP1	4	42	4
SIX3-AS1	4	4	4
BOK	4	18	4
SLC35G5	4	8	4
NFKBID	4	4	4
TRAPPC13	4	8	4
EMILIN3	4	16	4
ASB11	4	24	4
MRRF	4	4	4
SLC2A3	4	4	4
LINC01191	4	8	4
NKX2-3	4	52	4
NPW	4	4	4
CCDC121	4	8	4
CERS2	4	4	4
ZNF292	4	12	4
DCK	4	4	4
DDHD2	4	4	4
PDCD5	4	24	4
LOC441666	4	16	4
PIK3CD-AS2	4	4	4
ERO1A	4	8	4
UBE2S	4	68	4
RPL37A	4	8	4
RPE	4	8	4
INTS4	4	8	4
CTGF	4	10	4
KRR1	4	4	4
NIFK	4	20	4
RRP8	4	8	4
TRERF1	4	92	4
SOX7	4	40	4
GPR45	4	4	4
A1BG-AS1	4	8	4
SLC17A8	4	16	2
TCAP	4	12	4
MSMP	4	6	4
LOC102723649	4	32	4
AKR1A1	4	6	4
PHTF1	4	156	4
UBE4A	4	4	4
RAB36	4	4	4
TFRC	4	8	4
UBA3	4	16	4
CAMLG	4	68	4
OAS2	4	44	4
CLIP1-AS1	4	4	4
NPEPL1	4	12	4
LOC101928322	4	10	2
DDHD1	4	8	2
CCDC134	4	16	4
TRAPPC3	4	4	4
ATP6V1G1	4	32	4
HSCB	4	8	2
MIR664A	4	12	4
PLA2G4F	4	84	4
SNORA14B	4	8	4
ARMC9	4	8	4
LOC102723809	4	12	4
SNORA38B	4	4	4
VPS11	4	4	4
AARS2	4	20	4
IPMK	4	20	4
MYBL1	4	4	4
FAM124B	4	16	4
WDR33	4	28	4
CCND2	4	8	4
LINC01372	4	4	4
MTHFSD	4	4	4
PODXL2	4	20	4
BAIAP3	4	24	4
RHBDL3	4	4	4
DACT3-AS1	4	4	4
MIR3130-1	4	16	4
GUSBP10	4	4	4
DCAF12	4	4	4
DOCK9	4	16	4
DYNLL1	4	4	4
ARFGAP2	4	4	4
MSRB3	4	18	4
LINC01158	4	22	2
PSMD12	4	32	4
AQP6	4	44	2
IPO11	4	22	4
IGSF23	4	28	4
GRAMD3	4	16	4
KEAP1	4	12	4
CDH2	4	4	2
FAR1	4	4	4
MAG	4	20	4
METTL3	4	8	4
TCEB1	4	4	4
ANAPC5	4	16	4
C11orf54	4	8	4
MIR155	4	28	4
C21orf59	4	8	4
LINC01127	4	8	4
MCMDC2	4	4	4
ZMYND8	4	46	4
HAO1	4	10	2
TRIM34	4	4	4
BCL2L11	4	36	4
MIR6845	4	8	4
EMC1	4	4	4
RABIF	4	8	4
TMEM230	4	4	4
SOX18	4	16	4
FCGRT	4	8	4
CLDN25	4	20	4
TINCR	4	4	4
THSD4	4	4	4
USP11	4	20	4
SLC44A1	4	8	4
MIR6764	4	14	2
FUBP3	4	64	4
CARD11	4	4	4
AAGAB	4	4	4
SH3KBP1	4	4	4
GPR157	4	8	4
ZNF678	4	12	4
ATG9A	4	4	4
BCL2L13	4	16	4
ADAMTS14	4	4	4
PROZ	4	48	4
ITGB5	4	4	4
CTAGE5	4	4	4
LIMK2	4	10	4
C9orf152	4	4	2
GNPNAT1	4	6	4
ACBD6	4	12	2
ARRB2	4	32	4
OSGIN2	4	8	4
PSMB6	4	8	4
ALMS1	4	8	4
LINC01039	4	18	2
HERC4	4	10	4
C2orf49	4	4	4
FOXN4	4	6	2
LOC90784	4	28	4
ZNF783	4	4	4
ATP5O	4	4	4
C6orf62	4	16	4
DDX56	4	16	4
STAB1	4	8	4
MIR3174	4	4	4
CNTD2	4	4	4
ZNF865	4	32	4
AFAP1-AS1	4	8	4
POLR3C	4	20	4
FAM188A	4	6	2
WDR43	4	92	4
CHD1L	4	12	4
MTOR-AS1	4	4	4
GPR160	4	28	4
SLC12A6	4	10	2
SFN	4	4	4
RABGAP1	4	12	4
PPIE	4	12	4
CTDNEP1	4	36	4
PTH	4	4	4
PAQR3	4	4	4
TVP23C	4	16	4
PAQR6	4	56	4
SLC25A44	4	8	4
NOBOX	4	8	4
MTVR2	4	4	4
MIEF2	4	8	4
ARHGAP8	4	4	4
THOC5	4	4	4
PRMT6	4	4	4
TNRC18	4	4	4
REXO2	4	16	4
EIF2B5	4	8	4
PHC3	4	36	4
CCDC151	4	4	4
SRF	4	4	4
TRIM35	4	4	4
PDPR	4	4	4
MFAP2	4	8	4
NCF2	4	8	4
LMX1B	4	20	4
TH2LCRR	4	8	4
SNORD135	4	52	4
GPD2	4	14	2
LOC101927557	4	4	4
GSK3A	4	4	4
TVP23B	4	28	4
RPAP1	4	24	4
TYSND1	4	12	4
NRAS	4	16	4
C11orf71	4	8	4
ZNF536	4	4	4
UFSP2	4	4	4
TPGS2	4	4	4
NIP7	4	6	4
CHD4	4	28	4
TBKBP1	4	24	4
MRPL1	4	44	4
FAM76A	4	20	4
CALM2	4	4	4
ITPKA	4	90	4
ZNF804B	4	40	4
EXOSC6	4	10	4
ASB14	4	6	2
NRD1	4	4	4
FERD3L	4	4	4
HS6ST1	4	34	2
APMAP	4	16	4
TRIM22	4	8	4
TSSK3	4	12	4
FBXO45	4	6	4
LOC101928861	4	4	4
TOPBP1	4	8	4
SNORD57	4	24	4
PHF5A	4	12	4
C9orf172	4	16	2
RNASEL	4	32	4
C16orf58	4	4	4
C15orf41	4	20	2
DHRS7	4	6	2
CCNB2	4	4	4
RAD21-AS1	4	12	4
BOC	4	8	4
ATP4B	4	4	4
NGDN	4	4	4
AGPAT4-IT1	4	4	4
DPM3	4	12	4
SF3B1	4	8	4
LPIN2	4	24	2
ARL16	4	14	2
SETD3	4	60	4
CEP57	4	8	4
GDPGP1	4	4	4
GOPC	4	28	4
CNST	4	4	4
SUOX	4	28	4
DPP3	4	8	4
RAB4A	4	12	4
CHAMP1	4	8	4
MIR4721	4	12	4
MYO1E	4	28	4
RAB22A	4	4	4
GAS5-AS1	4	12	4
CNTLN	4	14	4
MIR6784	4	20	4
NRN1L	4	4	4
LOC728024	4	4	4
YJEFN3	4	4	4
GIT1	4	20	4
MIR4786	4	12	4
PROSER3	4	24	4
SLC35C2	4	16	4
DNAJA2	4	4	4
ERC1	4	16	2
RN7SK	4	4	4
MIRLET7A1	4	30	4
C1QTNF8	4	4	4
PLEKHM2	4	6	2
NR5A2	4	6	2
SUCLG2	4	8	4
LOC100507346	4	4	4
TUBB1	4	4	4
ARHGAP1	4	40	4
RNF146	4	16	4
PRSS57	4	12	4
SF3B5	4	4	4
TNKS2	4	44	4
FAM20A	4	8	4
ACTR10	4	4	4
TSPY26P	4	48	4
PIN4	4	14	2
DDX47	4	4	4
DTYMK	4	32	4
LOC102724589	4	26	4
FAM105A	4	4	4
ZBED8	4	12	4
OSBP	4	32	4
LOC100129148	4	4	4
SMG5	4	4	4
SCARNA3	4	10	2
PDE10A	4	18	2
MIR6734	4	4	4
SFT2D3	4	4	4
CEP164	4	8	4
LOC101928445	4	4	4
PAN3-AS1	4	12	4
PPFIA4	4	4	4
PSMB4	4	4	4
ZNF597	4	14	4
WSB1	4	12	2
MFN2	4	12	4
TOM1L2	4	8	2
LOC284023	4	4	4
DPH3P1	4	20	4
ACAD8	4	16	4
LINC01192	4	4	2
PPP1R8	4	12	4
MIR1273C	4	28	4
ARMC6	4	4	4
LINC00320	4	4	4
SNORD115-14	4	4	4
TRMT11	4	8	4
INTS10	4	4	4
RCOR3	4	8	4
CXorf56	4	6	4
ZNF75A	4	4	4
LOC101928449	4	28	4
C1QTNF9B-AS1	4	20	4
FAM83A	4	20	4
CD320	4	12	4
SDHAF2	4	60	4
WRNIP1	4	28	4
DDI2	4	4	4
MIR6505	4	4	4
CDC34	4	4	4
MC1R	4	32	4
PIK3CB	4	6	2
TAF8	4	16	4
COMMD7	4	32	4
OSCP1	4	12	4
GATB	4	12	4
WDR24	4	4	4
EFCAB12	4	4	4
SAR1A	4	16	4
C21orf2	4	36	4
RLF	4	8	4
NAA10	4	4	4
CSF1R	4	4	4
FTSJ2	4	16	4
CORT	4	4	4
MED19	4	8	4
PDIA4	4	4	4
MIR4665	4	20	4
POLD1	4	4	4
CFDP1	4	4	4
C11orf84	4	4	4
DCUN1D4	4	12	4
DENND4B	4	4	4
ADIG	4	12	4
KCNAB2	4	4	4
LSM11	4	4	4
SRSF9	4	4	4
DNAJC9	4	4	4
MIR3662	4	12	4
TPI1	4	12	4
PIP5K1A	4	26	4
DNM1L	4	6	4
TIMM22	4	4	4
TMA16	4	4	4
LSMEM1	4	16	4
CCDC138	4	20	4
PLEKHB2	4	8	4
MED30	4	8	4
TPTE	4	4	4
CCDC78	4	24	4
DYM	4	38	4
MIR4522	4	4	4
ZFHX4	4	16	4
THOC3	4	32	4
DRC1	4	8	4
ALDH6A1	4	20	4
LAGE3	4	44	4
MXD1	4	24	4
TRIM54	4	4	4
ARNT	4	10	4
MPDU1	4	24	4
NRARP	4	8	4
LOC101928530	4	4	4
DSTN	4	28	4
PPM1G	4	48	2
B3GNT9	4	32	4
EHD4	4	12	4
SPEN	4	8	4
FKBP2	4	24	4
CACNA1A	4	4	4
FBXO41	4	4	4
ELMO1-AS1	4	4	4
MAP7D3	4	64	4
NRF1	4	4	2
MIR6826	4	12	4
DERL1	4	4	4
TOP3B	4	4	4
DDRGK1	4	4	4
NUDT17	4	4	4
RAI14	4	8	4
ZNF518A	4	8	4
NDUFS1	4	16	4
MEF2D	4	8	4
CLPTM1	4	4	4
PWP1	4	20	4
PACRGL	4	4	4
MIR4465	4	12	4
SCFD2	4	4	4
BRD8	4	4	4
CRACR2A	4	6	2
FBXW8	4	12	4
FBXO22-AS1	4	20	4
EIF3E	4	4	4
KCNIP2	4	4	4
KPNA2	4	10	4
NELL2	4	14	4
PPARA	4	4	4
PMPCB	4	8	4
SEL1L	4	4	4
RTF1	4	8	4
TMED5	4	16	4
LRRTM2	4	18	4
MIR922	4	8	4
RADIL	4	4	4
LOC285593	4	4	4
INPP4B	4	4	4
NFRKB	4	12	4
RNF24	4	4	4
USP34	4	32	4
GALNT10	4	6	4
RIMKLB	4	6	4
SPSB2	4	4	4
UCKL1	4	12	4
RBM3	4	8	4
PMS2P1	4	24	4
MTA3	4	14	4
ITGA8	4	12	4
MIR3184	4	36	4
TICAM2	4	20	4
CDC42	4	28	4
PSMA7	4	4	4
ATPAF2	4	12	4
SERTAD1	4	4	4
GPR21	4	18	4
MIR4785	4	28	4
SNORD121A	4	40	4
LRRC8C	4	4	4
SIRT1	4	16	4
NRXN1	4	6	2
MAN2B1	4	4	4
TP53	4	40	4
MIR7109	4	4	4
TTC36	4	8	4
UCP1	4	8	4
RWDD4	4	16	4
DNAJC11	4	16	4
LINC01340	4	12	4
GOLM1	4	10	2
SPCS2	4	24	4
ACP6	4	8	4
MIR548Z	4	20	4
TMX3	4	8	4
RIT1	4	22	2
DGAT2L6	4	16	4
NTF4	4	4	4
SNORD96B	4	6	4
RAB28	4	8	4
ANKS3	4	8	4
LTN1	4	4	4
CD274	4	12	4
MIR3198-2	4	6	4
SCARNA7	4	20	4
MGAT5	4	4	4
USP16	4	16	4
LMBR1L	4	4	4
RNU6-53P	4	24	4
TRAF5	4	4	4
SLC6A16	4	44	4
KCNK13	4	4	4
SLC45A2	4	42	2
CASC6	4	14	2
PALM3	4	28	4
SLC4A3	4	4	4
RIF1	4	4	4
LAPTM4A	4	8	4
ELP2	4	28	4
MYBL2	4	52	4
RPL13A	4	4	4
MIR6837	4	24	4
CCDC81	4	4	4
MED22	4	8	4
PELI3	4	24	4
PPIH	4	16	4
MYO18A	4	4	4
RELB	4	4	4
GFOD2	4	20	4
PSMA6	4	56	4
FBRSL1	4	12	4
AMPD2	4	4	4
STAC2	4	32	4
DKFZp434J0226	4	4	4
ZNF446	4	4	4
CHAC1	4	54	4
IQGAP2	4	32	4
DCAF13	4	12	4
TYW3	4	20	4
CABP7	4	8	4
VAPB	4	4	4
REXO1	4	4	4
FAM178B	4	8	4
FAM81B	4	6	4
CERS5	4	4	4
LOC105274304	4	8	4
ABCC5-AS1	4	12	4
SSR2	4	4	4
MAFG-AS1	4	6	2
FLCN	4	16	4
TTPAL	4	8	4
B3GNT4	4	14	4
PIM2	4	16	4
INE1	4	12	4
DOPEY1	4	8	4
MFAP3	4	56	4
SNORA74B	4	8	4
MRPL21	4	26	2
MAP3K12	4	22	2
CLEC12A	4	64	2
CSNK2A2	4	8	4
UBE2N	4	36	4
MIR6735	4	8	4
SP8	4	8	4
PPWD1	4	4	4
TCTN2	4	14	4
LIG1	4	44	4
PLEKHG4	4	16	4
PPP3R1	4	52	4
DNAJC2	4	12	4
STAC3	4	12	4
TARDBP	4	8	4
CHAC2	4	32	2
UNC13D	4	8	4
RASA2	4	8	4
DRD4	4	4	4
AATK-AS1	4	24	4
BBS10	4	20	4
FYTTD1	4	4	4
MIR1277	4	16	4
DUS4L	4	12	4
NRIP2	4	16	4
TEX22	4	16	2
C2orf69	4	22	4
NIN	4	4	4
MRPS10	4	4	4
EID3	4	8	4
APPL2	4	8	4
STK11IP	4	4	4
GFM1	4	4	4
USO1	4	16	4
IQCD	4	4	4
ANKRD17	4	16	4
TPH2	4	4	4
WDSUB1	4	4	2
MRPS5	4	28	4
TMEM106A	4	24	4
CTRB2	4	4	4
LMF1-AS1	4	4	4
RUVBL1-AS1	4	16	2
SHPK	4	4	4
LOC100506124	4	4	4
AKAP5	4	6	4
IL7R	4	4	4
ZNF37A	4	20	4
NEK1	4	20	2
MIR6849	4	12	4
DDX18	4	4	4
TM9SF2	4	8	4
TOLLIP	4	60	4
LOC100507537	4	4	2
ELMSAN1	4	22	2
TTC21B-AS1	4	14	2
HTR2B	4	52	4
ASCC1	4	8	4
WIPF3	4	16	4
MYO10	4	12	4
LOC101929549	4	8	4
FOXI3	4	48	4
TET3	4	6	4
NDUFAF5	4	4	4
TMEM62	4	16	4
AKIRIN2	4	32	4
RPL41	4	4	4
LOC101928069	4	8	4
HERPUD2	4	8	4
MRPS6	4	14	4
LOC101929154	4	8	4
ELAVL3	4	4	4
IFNGR1	4	4	4
PMS2P3	4	76	4
ITGB1	4	4	4
KCNK6	4	4	4
MIR4757	4	4	4
TBX6	4	12	4
ZNF542P	4	6	2
SRP14	4	4	4
FXR1	4	4	4
DGKQ	4	18	4
RAB2B	4	4	2
C12orf45	4	8	4
DSTYK	4	64	4
MIR662	4	10	4
DENND1B	4	6	4
MIR4656	4	4	4
ZNF213	4	4	4
MIR6803	4	4	4
C9orf16	4	32	4
SNORD130	4	16	2
C2orf42	4	4	4
ZBTB24	4	4	4
MIR6511B1	4	22	4
CSNK1G3	4	8	4
NEDD9	4	32	4
PPIA	4	4	4
FAM53A	4	8	4
UVRAG	4	30	4
WDR19	4	12	4
MIR150	4	8	4
ETAA1	4	4	4
GRAMD1C	4	4	4
MIR1254-1	4	4	4
MIR330	4	24	4
TAS2R3	4	56	4
ANKRD61	4	64	4
SNIP1	4	68	4
CEP192	4	4	4
LOC401010	4	4	4
THYN1	4	4	4
GAS2L1	4	40	4
MIR6762	4	4	4
GNL3L	4	12	4
MTMR1	4	4	4
POC5	4	8	4
KLHL20	4	24	4
ATP5G1	4	16	4
RPL34	4	4	4
LOC101927018	4	12	4
MTPAP	4	28	4
LBR	4	4	4
SLC25A30-AS1	4	6	2
PRAC1	4	14	2
SFMBT1	4	16	4
ACTL6A	4	12	4
NT5C3A	4	24	4
LOC101927189	4	4	4
SNX10	4	16	4
SERHL2	4	80	4
CCDC88B	4	4	4
PPARG	4	14	4
LOC102724874	4	24	4
YKT6	4	4	4
CD164	4	4	4
ASAP1-IT2	4	12	4
CFAP70	4	4	4
KDM7A	4	50	2
NPEPPS	4	6	4
ANKRD36BP1	4	4	4
DIAPH3-AS1	4	4	4
SNORD96A	4	20	4
IFT172	4	10	4
HAL	4	4	4
HMGB3P1	4	28	2
PAIP2	4	4	4
LOC220729	4	12	4
RMND1	4	28	4
ZNF33A	4	24	4
USP12-AS1	4	42	2
LINC01381	4	4	4
ABCA3	4	12	4
UNC93B1	4	98	2
NINJ2	4	4	4
RNF141	4	12	4
GBX2	4	64	2
SEC63	4	16	4
CLNS1A	4	10	4
RPS14P3	4	4	4
FLJ41200	4	22	2
GGT5	4	4	4
ZNF3	4	4	4
ZNHIT1	4	4	4
NEDD1	4	10	4
C11orf95	4	36	2
ZBTB37	4	16	4
MCAT	4	4	4
ACSL3	4	4	4
ARL5A	4	28	4
ERVK13-1	4	4	4
LOC101929372	4	8	4
PLEKHO2	4	28	4
TDRD12	4	4	2
COX7A1	4	32	4
AK7	4	4	4
NIT1	4	8	4
NIPAL1	4	4	4
MYO3B	4	4	4
THAP9-AS1	4	4	4
MIR1181	4	16	4
TACC1	4	8	2
AGO4	4	12	4
LMTK2	4	8	4
ZNF131	4	8	4
MTMR12	4	12	4
SARS	4	4	4
GOSR1	4	8	4
SLC1A5	4	4	4
HIPK3	4	12	2
MIR6516	4	10	4
KAT6B	4	4	4
CCNE2	4	16	4
NPHS1	4	4	2
MIR7703	4	8	4
FAM151B	4	4	4
SP2-AS1	4	12	4
OBSL1	4	8	4
NME6	4	4	4
HSPBAP1	4	4	2
TCAIM	4	6	4
STX18-IT1	4	4	4
PIDD1	4	16	4
TMCO3	4	8	4
LINC00637	4	26	2
IGLL5	4	4	4
NENF	4	20	4
RPS16P5	4	28	4
PTGIS	4	40	4
USPL1	4	4	4
IARS2	4	6	4
RALA	4	22	2
MIR4517	4	4	4
TAB3	4	4	4
PILRA	4	4	4
ZNF624	4	12	4
NUDC	4	20	4
IFIT1	4	4	4
GON4L	4	8	4
XRCC5	4	4	4
CPT1B	4	4	4
ASH2L	4	28	4
LOC101927132	4	24	4
PITPNA-AS1	4	4	4
LIPT1	4	8	4
CEBPZOS	4	28	4
CHID1	4	12	2
POMP	4	4	4
DYNAP	4	4	4
XPO4	4	34	4
CETN3	4	4	4
EFHD1	4	12	4
PIK3R1	4	4	4
TPK1	4	30	4
RNF114	4	12	4
RYBP	4	20	4
USP33	4	8	4
ISM2	4	4	4
SBNO2	4	8	2
SLIRP	4	8	4
MIR6758	4	4	4
SNORD88B	4	4	4
SMIM17	4	4	4
CTBP1-AS	4	4	4
MIR6869	4	6	4
MIR4691	4	12	4
C10orf91	4	16	4
TMEM150B	4	42	4
MIR320D1	4	16	4
DESI2	4	36	4
SLC25A36	4	6	4
ENDOG	4	32	4
PARVA	4	10	4
PCYT2	4	8	4
ZSCAN2	4	8	4
ANXA5	4	4	4
ZNF252P-AS1	4	6	4
ANKRD26	4	32	4
MRPL4	4	4	4
ZSCAN32	4	40	4
MAN2A1	4	4	4
RPS27L	4	16	4
LOC100335030	4	4	4
TAB1	4	8	4
SNRNP35	4	12	4
RFWD3	4	12	4
VPS4B	4	24	4
BRSK2	4	12	4
LINC00839	4	8	2
TM6SF2	4	4	4
LINC01483	4	4	4
PRPF3	4	12	4
HAMP	4	8	4
MYBPC3	4	68	4
MARCH7	4	28	4
MROH8	4	4	4
UBN1	4	40	4
FASTK	4	16	4
PDXK	4	14	4
ERGIC2	4	4	4
ANKIB1	4	8	2
EHD4-AS1	4	8	4
ATF7IP2	4	12	4
IMPAD1	4	48	4
NKPD1	4	8	4
MIR6752	4	12	4
EYS	4	40	4
TADA1	4	4	4
TRAK1	4	8	2
FOXN3	4	22	2
WNT16	4	10	4
GTF3C3	4	4	4
PRSS27	4	4	4
ABHD17B	4	12	2
TMEM242	4	12	4
LOC646626	4	28	4
MIR1322	4	24	4
MTBP	4	8	4
BGLAP	4	4	4
FASLG	4	16	4
RTFDC1	4	4	4
CFD	4	28	4
SEMA4F	4	40	4
ZNF267	4	32	4
EXOSC2	4	4	4
FARS2	4	8	4
SHROOM3	4	4	4
INSL3	4	38	2
VPS36	4	32	4
EED	4	10	4
ETHE1	4	6	4
GTSE1-AS1	4	12	4
ADCY10P1	4	8	4
GK5	4	20	4
NBL1	4	16	4
NSMAF	4	8	4
TMEM161B	4	12	2
NOXRED1	4	28	4
MIR6882	4	8	4
CRADD	4	4	2
LOC100506869	4	16	4
DYNC1LI1	4	12	2
PABPC1L	4	20	4
NFKBIZ	4	24	4
RAB11FIP1	4	4	4
NFE2L1	4	4	4
NIF3L1	4	12	4
SLC25A4	4	6	4
RUSC1	4	8	4
ZNF573	4	4	4
JMJD7-PLA2G4B	4	12	4
EBPL	4	8	4
HCAR2	4	24	4
SLC48A1	4	4	4
POLR3E	4	24	4
PPP2CB	4	4	4
TSNARE1	4	4	4
POLR3H	4	12	4
LAMP2	4	4	4
RTN4	4	8	4
HNRNPF	4	36	4
ARL14EP	4	20	4
MOB3C	4	24	4
MCCC2	4	16	4
GOT2	4	6	2
DPY19L4	4	18	2
C8orf58	4	4	4
ZNF655	4	4	4
GPI	4	8	4
PYCR2	4	24	2
SOD1	4	4	4
RAD18	4	28	4
CCDC47	4	4	4
MIR599	4	8	4
FEM1A	4	4	4
ZFYVE1	4	8	4
KIAA1549	4	4	4
LARP7	4	46	2
CMTM6	4	4	4
ALOX15	4	28	4
OGFOD1	4	32	4
MTG2	4	18	2
MRPS21	4	28	4
NUP58	4	4	4
LINC00663	4	8	4
AHCYL1	4	12	4
SLC30A6	4	4	4
MMAB	4	10	2
FRMD8	4	4	4
FBXO21	4	16	4
SLC35E2	4	20	4
MIR138-2	4	8	4
MIR1255B2	4	10	4
MIR6883	3	3	3
GPS2	3	6	3
STARD5	3	9	3
SERPINB9P1	3	12	3
BUB3	3	3	3
MIR661	3	3	3
TANC2	3	3	3
GNG13	3	3	3
CD70	3	27	3
SHQ1	3	3	3
MIR6765	3	3	3
HLF	3	3	3
NRG4	3	9	3
KIF1A	3	3	3
MIB1	2	8	2
MIR6885	2	2	2
NELFCD	2	14	2
CTNNAL1	2	2	2
CLCC1	2	10	2
NUDT18	2	38	2
C6orf120	2	2	2
SLC27A4	2	8	2
F11R	2	4	2
TMEM240	2	4	2
AKR1C2	2	2	2
MIR4304	2	2	2
ANKRD36C	2	12	2
CACNA2D2	2	2	2
ULK4	2	6	2
FAM83D	2	2	2
LOC102467147	2	4	2
ADK	2	10	2
C11orf49	2	4	2
ZFP64	2	2	2
DSP	2	6	2
ATG2B	2	10	2
C8orf88	2	2	2
ZNF157	2	6	2
EBAG9	2	6	2
MIR3169	2	20	2
PQBP1	2	18	2
LOC285000	2	2	2
ALPL	2	2	2
LINC00934	2	2	2
CNPY3	2	2	2
AMIGO3	2	2	2
TMX2	2	4	2
LINC00261	2	2	2
TRPC1	2	2	2
LOC101927620	2	2	2
LINC01467	2	12	2
WDR13	2	2	2
IFRD1	2	2	2
LEMD1-AS1	2	2	2
ZNF730	2	2	2
XKR8	2	2	2
PIGU	2	4	2
CTNNA1	2	4	2
DHX8	2	2	2
SS18	2	8	2
LINC01477	2	2	2
UQCC3	2	2	2
BMF	2	8	2
NPAS3	2	2	2
RTN3	2	2	2
NUP54	2	2	2
FAM50A	2	6	2
NDUFA11	2	6	2
ERCC8	2	2	2
C3orf67	2	6	1
PGPEP1	2	16	2
C20orf194	2	14	2
GUCA1C	2	4	2
RNA5S1	2	2	2
MS4A5	2	22	2
KCNN2	2	2	2
LOC101927884	2	4	2
ELFN2	2	2	2
NCOA4	2	6	2
HPN	2	8	2
LINC01551	2	20	2
MIR6719	2	4	2
LOC101929596	2	28	2
RUNDC1	2	2	2
ZNF138	2	2	2
WDR5	2	4	2
MIR3657	2	16	2
MIR4500	2	2	2
EP400NL	2	4	2
ZNF184	2	2	2
NEXN	2	2	2
MAGOH2P	2	12	2
ABCB6	2	4	2
PLCB3	2	26	2
BABAM1	2	2	2
HADHB	2	2	2
SNX16	2	2	2
IGBP1P1	2	2	2
FLT4	2	10	2
UTP3	2	2	2
SNORA57	2	2	2
LOC101928509	2	12	2
DSCAML1	2	2	2
VPS4A	2	22	2
RGMB	2	2	2
MIR92B	2	2	2
ING2	2	2	2
SPOCK3	2	2	2
PPFIA2	2	16	2
RCOR1	2	10	2
TSPAN12	2	4	2
DENND5A	2	2	2
GTF2E1	2	2	2
KHDRBS1	2	12	2
TMEM64	2	2	2
N4BP2L2-IT2	2	2	2
SLITRK1	2	4	2
KLHDC7B	2	2	2
LHCGR	2	2	2
LRP12	2	8	2
SCAF8	2	4	2
KIAA1524	2	4	2
CEPT1	2	10	2
LAMA3	2	2	2
VPS54	2	8	2
SPA17	2	2	2
SVIL-AS1	2	14	2
SLC6A15	2	2	2
TMEM200C	2	2	2
MIR16-1	2	6	2
CEP57L1	2	2	2
SALL1	2	12	2
AMOT	2	2	2
CBR4	2	12	2
MBNL2	2	4	2
HPN-AS1	2	2	2
B3GAT1	2	2	2
C19orf35	2	2	2
ALDH3B1	2	2	2
CD99L2	2	14	2
NCOA5	2	12	2
LMO7	2	2	2
SPTBN2	2	8	2
CYP2R1	2	2	2
STARD9	2	2	2
CDC42BPB	2	2	2
CDH9	2	2	2
FAM208B	2	4	2
HSPA9	2	2	2
RBBP9	2	8	2
ALG5	2	6	2
ALPK3	2	8	2
CTB-7E3.1	2	2	2
LOC101928161	2	2	2
TMEM14A	2	2	2
AZI2	2	4	2
GYPC	2	2	2
BLM	2	2	2
ARRB1	2	2	2
PPP1CB	2	2	2
PLEKHG3	2	2	2
GOLGB1	2	16	2
NEFH	2	8	2
LINC00174	2	6	2
LYRM1	2	18	2
CENPH	2	2	2
HSPA5	2	2	2
MIR3180-5	2	6	2
LOC101929681	2	2	2
C10orf76	2	26	2
FAM45B	2	2	2
ESD	2	2	2
ZNF335	2	2	2
CEP55	2	2	2
RNF6	2	8	2
MIR124-1	2	2	2
NDUFB2-AS1	2	2	2
LOC101929660	2	2	2
SULT1A1	2	18	2
NIPA2	2	4	2
CBLN2	2	2	2
FLJ36000	2	2	2
SFT2D1	2	2	2
BTBD11	2	16	2
LRRTM3	2	2	2
KCNJ3	2	4	2
RENBP	2	4	2
SIN3B	2	2	2
YAP1	2	10	2
LOC400684	2	10	2
CTPS2	2	12	2
FAM73B	2	4	2
PGM3	2	2	2
PDCD6	2	2	2
ARG1	2	4	2
CFAP46	2	2	2
MIR4313	2	28	2
LHB	2	4	2
MIR5007	2	4	2
DLL3	2	2	2
ATG13	2	12	2
TMEM134	2	2	2
TMCC1	2	6	2
LINC00299	2	10	2
AGPAT4	2	2	2
FKBP14	2	2	2
MIR3161	2	4	2
PDLIM7	2	2	2
ERI1	2	14	2
ATP6AP2	2	24	2
LINC00901	2	2	2
MRPL13	2	8	2
SPPL2A	2	24	2
CD47	2	2	2
ANKRA2	2	16	2
LOC100128361	2	12	2
GTF2I	2	4	2
AACS	2	2	2
PAK2	2	24	2
DCDC2C	2	2	2
ZC3H6	2	2	2
AIFM1	2	8	2
NEIL3	2	4	2
MEIS2	2	4	2
ULK1	2	4	2
FRYL	2	4	2
OSBPL6	2	2	2
PER3	2	2	2
TMEM53	2	10	2
SCN9A	2	2	2
PLEKHA2	2	10	2
TMEM131	2	6	2
IDI1	2	2	2
FASTKD3	2	2	2
KREMEN1	2	4	2
C11orf73	2	2	2
ELOVL7	2	12	2
CELF3	2	2	2
RNF169	2	18	2
ORC3	2	2	2
TBX5	2	2	2
SKA1	2	2	2
DOHH	2	8	2
SCCPDH	2	2	2
TSPYL6	2	2	2
GTF3C2-AS1	2	8	2
TIPARP	2	20	2
RNF32	2	6	2
CEP63	2	10	2
EFNA5	2	2	2
NFYA	2	2	2
EXOC6	2	2	2
LINC01350	2	2	2
PCDH18	2	6	2
PTMA	2	2	2
CSRP2BP	2	4	2
OXSR1	2	6	2
DPP6	2	10	2
LOC100506100	2	2	2
LOC105616981	2	2	2
TMEM121	2	2	2
ADCK4	2	8	2
LOC101927948	2	12	2
SGF29	2	2	2
DHX37	2	2	2
CYB5R4	2	18	2
LOC101927282	2	4	2
SGCG	2	12	2
CAND2	2	10	2
EIF3H	2	2	2
LINC01262	2	2	2
GANC	2	4	2
PSKH1	2	2	2
LINC01552	2	2	2
GALNT2	2	2	2
DDX50	2	2	2
SLC4A5	2	2	2
FGF7	2	4	2
CKAP2	2	12	2
NPR3	2	2	2
PCNXL2	2	8	2
EEF2K	2	4	2
LVCAT5	2	16	2
SH2B2	2	6	2
AKNAD1	2	6	2
GPBP1	2	6	2
ZNF789	2	2	2
HDAC9	2	24	2
ADRM1	2	2	2
MIR4680	2	6	2
SCAMP1-AS1	2	16	2
ANO6	2	2	2
TUBA1B	2	2	2
EPB41L4B	2	2	2
CASK	2	8	2
RELL1	2	6	2
MIR8066	2	22	2
LOC401177	2	22	2
MLLT1	2	58	2
BRAF	2	2	2
RNF11	2	10	2
MIR4655	2	2	2
PAK1IP1	2	4	2
APOOP5	2	2	2
ZNF407	2	2	2
ASS1	2	2	2
KIAA0100	2	2	2
MBTPS2	2	2	2
LOC100130298	2	2	2
MLLT4	2	2	2
CAPNS2	2	2	2
B3GAT2	2	4	2
MARCH5	2	4	2
MIR1288	2	2	2
RNF25	2	2	2
LUZP1	2	4	2
CABP1	2	2	2
ZNF226	2	4	2
PHOX2B	2	10	2
DPH7	2	6	2
ALG6	2	2	2
ATG5	2	2	2
GPR82	2	2	2
CDH10	2	58	2
RNU6-59P	2	14	2
GATA6	2	2	2
MIR383	2	2	2
CYB561	2	12	2
MIR6073	2	2	2
RNU6-21P	2	2	2
GPR150	2	2	2
TANK	2	4	2
STXBP6	2	2	2
EEA1	2	2	2
CCBE1	2	2	2
SAP130	2	2	2
ATXN1	2	6	2
RAB33B	2	12	2
CARD18	2	2	2
FAM3C	2	16	2
PLA2G4C	2	4	2
TP53I11	2	2	2
ZEB1-AS1	2	2	2
MOB4	2	6	2
H1FX-AS1	2	2	2
MIR4273	2	2	2
PELI2	2	2	2
LINC01212	2	4	2
MIR4781	2	2	2
FAM150B	2	2	2
PDE12	2	2	2
LAMA1	2	2	2
FEM1B	2	14	2
MTRNR2L2	2	8	2
CPXM2	2	2	2
PIP5K1C	2	2	2
SPOP	2	4	2
MTMR3	2	2	2
PRR16	2	2	2
SEPT8	2	2	2
RECK	2	2	2
LOC339807	2	10	2
COQ5	2	8	2
ZNF835	2	4	2
TATDN2	2	2	2
TBCA	2	26	2
ACBD5	2	4	2
COX7B2	2	2	2
LINC00265	2	4	2
LINC01052	2	32	2
SEMA4A	2	4	2
CDH18	2	10	2
KRBOX4	2	2	2
LOC100128176	2	2	2
MTMR11	2	22	2
HOXA4	2	2	2
LINC00152	2	2	2
ZMYM1	2	2	2
LOC100129534	2	2	2
SNORA47	2	2	2
FAHD1	2	6	2
TENM3	2	6	2
RB1	2	12	2
TMC2	2	2	2
MIR4676	2	2	2
CLSTN3	2	2	2
CACHD1	2	2	2
MICU1	2	2	2
SYNJ2BP-COX16	2	10	2
FGF19	2	2	2
PFDN1	2	2	2
MDS2	2	2	2
MIR4636	2	2	2
MLH1	2	2	2
TCP11	2	2	2
MKI67	2	2	2
LINC00605	2	8	2
MIR544B	2	2	2
PUS7	2	2	2
EIF4H	2	12	2
SPOCK1	2	2	2
GPR35	2	4	2
RRP12	2	2	2
ANKRD36B	2	4	2
OSER1	2	6	2
MAP2K5	2	4	2
FA2H	2	18	2
MIR4720	2	6	2
RGMB-AS1	2	4	2
MIR3909	2	10	2
DAGLA	2	6	2
NMRK2	2	4	2
FBXW9	2	2	2
SUMO4	2	8	2
CEP83	2	26	2
RFTN2	2	2	2
TPGS1	2	6	2
ARID2	2	10	2
OSBPL5	2	12	2
IRF8	2	2	2
DST	2	6	2
VTA1	2	10	2
TASP1	2	2	2
MIR3684	2	4	2
MIR5010	2	6	2
KIAA1468	2	2	2
PARP14	2	2	2
CCDC183	2	2	2
LINC00911	2	4	2
LRP3	2	8	2
COL24A1	2	24	2
DIRC2	2	4	2
MIR548X2	2	2	2
ANGPTL3	2	2	2
FEZ2	2	2	2
EIF2B3	2	4	2
DBX1	2	6	2
NISCH	2	2	2
IPO9-AS1	2	2	2
EFCAB5	2	4	2
MIR586	2	2	2
SWAP70	2	4	2
PLN	2	6	2
CAAP1	2	6	2
LOC100507468	2	2	2
MMP25	2	2	2
CNTN5	2	22	2
STOM	2	6	2
DDX31	2	6	2
ESRP1	2	8	2
JPH1	2	6	2
CEP295	2	2	2
MIR5685	2	10	2
HIST1H2BB	2	8	2
MIR4650-2	2	4	2
LINC00657	2	2	2
NFAT5	2	12	2
ALKBH8	2	2	2
ALG1	2	2	2
SCGN	2	2	2
FLJ37453	2	2	2
YTHDC1	2	2	2
NRG3-AS1	2	2	2
BIRC3	2	4	2
LOC101928370	2	2	2
MIR4426	2	2	2
LOC101926889	2	16	2
THBS2	2	8	2
GPATCH11	2	82	2
TMEM161A	2	2	2
ZBTB34	2	2	2
CECR5	2	6	2
TP73	2	4	2
FSCB	2	2	2
CPNE3	2	6	2
SNORD126	2	4	2
UBXN7	2	10	2
PCGF6	2	2	2
YPEL3	2	18	2
MARCH1	2	16	2
HACE1	2	44	2
LOC644285	2	2	2
FJX1	2	8	2
DTWD1	2	4	2
CUTC	2	12	2
TOP2A	2	4	2
UQCRBP1	2	14	2
NUP50-AS1	2	4	2
ADGRV1	2	6	2
ZNF182	2	2	2
CDH12	2	2	2
SLC16A7	2	2	2
TRIM9	2	2	2
ELF2	2	2	2
INTS5	2	6	2
CDKN2A	2	2	2
DHRS12	2	2	2
PCBP1-AS1	2	24	2
BIRC6	2	16	2
LRRFIP2	2	2	2
ABHD14B	2	2	2
CDK5RAP3	2	10	2
MIR3686	2	2	2
MPRIP	2	20	2
GFRA1	2	2	2
NKAIN2	2	2	2
PHYKPL	2	6	2
MIR4470	2	10	2
ZKSCAN5	2	10	2
MIR3160-1	2	2	2
RCE1	2	2	2
LMNB1	2	2	2
INVS	2	2	2
LOC340107	2	2	2
SZT2	2	16	2
FASTKD1	2	2	2
FAM73A	2	4	2
CACUL1	2	6	2
SFXN5	2	4	2
LINC01599	2	6	2
LVCAT1	2	2	2
UBAP2	2	2	2
C1orf109	2	2	2
CAPN5	2	104	2
FIGN	2	16	2
TYROBP	2	6	2
EID2	2	6	2
C19orf68	2	14	2
INAFM2	2	6	2
SUV420H2	2	6	2
CCDC91	2	4	2
MIR3140	2	4	2
CHD7	2	6	2
PRDM15	2	16	2
C5orf30	2	2	2
GGT3P	2	2	2
GXYLT1	2	10	2
HINFP	2	12	2
PRKRIR	2	4	2
CYBA	2	2	2
RSBN1L	2	2	2
TIPIN	2	2	2
TBL1X	2	2	2
LRRC42	2	2	2
IQCF6	2	2	2
RPL13AP3	2	14	2
SEMA6C	2	6	2
LOC101929762	2	2	2
FIGNL2	2	2	2
RDX	2	2	2
GGCX	2	6	2
TXNDC15	2	22	2
CEP72	2	18	2
BRE-AS1	2	2	2
LINC00317	2	4	2
SF3A3	2	12	2
MIR4778	2	2	2
NDUFB9	2	2	2
MIR8068	2	2	2
KBTBD6	2	2	2
PLIN4	2	12	2
TMEM41B	2	6	2
CA4	2	10	2
C12orf75	2	2	2
IAH1	2	6	2
PLEKHB1	2	8	2
AVPI1	2	2	2
MAB21L2	2	2	2
PPP1R26	2	2	2
AK3	2	2	2
HEXB	2	4	2
MIR6820	2	14	2
IMPA1	2	2	2
ASAP3	2	8	2
SSBP3	2	2	2
FAM126A	2	4	2
GORASP2	2	2	2
ACACB	2	2	2
MIR548AG1	2	2	2
WASL	2	8	2
VAPA	2	2	2
CENPV	2	2	2
DFNA5	2	10	2
STRAP	2	10	2
HOMEZ	2	4	2
LOC285626	2	24	2
PRNP	2	20	2
LOC100652999	2	4	2
CCDC93	2	2	2
C12orf29	2	2	2
LOC729930	2	2	2
MTPN	2	2	2
LOC101927915	2	2	2
PBX1	2	6	2
SERBP1	2	2	2
SSH1	2	2	2
CPT1A	2	4	2
C1GALT1	2	8	2
LRRC38	2	4	2
ETV5	2	2	2
PID1	2	2	2
RRAS2	2	14	2
C17orf58	2	2	2
NECAP2	2	2	2
LINC00935	2	2	2
MCOLN3	2	4	2
STK39	2	2	2
NAALADL2	2	2	2
NDUFB1	2	8	2
SLC1A1	2	4	2
MIR1278	2	4	2
LOC105376575	2	4	2
KLHL9	2	8	2
FAM50B	2	2	2
NXN	2	10	2
PSPC1	2	2	2
CALHM2	2	8	2
TMEM65	2	10	2
CNPY1	2	2	2
ATG16L2	2	6	2
SMIM6	2	2	2
ALS2	2	2	2
TNS3	2	2	2
RNVU1-20	2	12	2
PDZRN4	2	10	2
MIR3649	2	2	2
CP	2	2	2
APBA1	2	4	2
ZHX2	2	2	2
CLIP1	2	30	2
DBH-AS1	2	2	2
LINC00348	2	4	2
SPOPL	2	2	2
ZFYVE28	2	2	2
MTNR1B	2	8	2
IRF2	2	4	2
ANO7	2	4	2
TEF	2	2	2
NEDD8-MDP1	2	4	2
FBLN1	2	16	2
PLEKHA1	2	2	2
LRFN4	2	12	2
VCPIP1	2	50	2
TTTY23B	2	2	2
DRGX	2	8	2
CCKAR	2	2	2
KIAA1211L	2	2	2
RITA1	2	6	2
FAM41AY2	2	6	2
PRKD1	2	46	2
CA11	2	4	2
BARX1	2	2	2
MIR1343	2	12	2
ADGRB1	2	2	2
LINC01515	2	2	2
B4GALT4-AS1	2	22	2
COQ4	2	8	2
LOC101927211	2	2	2
TMEM164	2	2	2
NCK1	2	4	2
NCS1	2	4	2
SLC35A3	2	10	2
FAM101A	2	4	2
SORT1	2	4	2
C2CD4C	2	2	2
HSD17B1	2	6	2
PHACTR2	2	2	2
SNORA26	2	2	2
GGA2	2	2	2
SLC22A15	2	4	2
OTUD4	2	2	2
PRPF40A	2	6	2
ZMYND11	2	2	2
ERICH6-AS1	2	2	2
TFCP2	2	4	2
SLC9A7	2	2	2
WDR88	2	4	2
CNTNAP4	2	2	2
ACSM6	2	2	2
KRAS	2	28	2
PTENP1	2	6	2
LOC283856	2	2	2
SDHAP3	2	6	2
ZBTB2	2	8	2
HIST2H2BE	2	12	2
LINC01315	2	2	2
MAPKAPK5-AS1	2	6	2
PRDX5	2	4	2
LOC101927950	2	2	2
HAS2-AS1	2	2	2
CEP44	2	2	2
TGFBR1	2	4	2
MIR6133	2	2	2
LOC101927482	2	6	2
LOC101927157	2	6	2
NUPL2	2	2	2
OVOL3	2	4	2
ADCY10	2	2	2
FXN	2	2	2
PCGEM1	2	6	2
TFAP2C	2	2	2
CHRNA4	2	2	2
CAB39	2	10	2
ADORA2A	2	2	2
TBC1D32	2	8	2
AFG3L1P	2	12	2
DESI1	2	2	2
R3HDM1	2	12	2
GPR83	2	24	2
LOC389199	2	20	2
ATXN7	2	2	2
LOC100505658	2	2	2
FGD4	2	4	2
EGOT	2	4	2
VTI1B	2	2	2
MIR5582	2	4	2
VNN2	2	2	2
CTU2	2	2	2
SKAP2	2	10	2
MPLKIP	2	6	2
KIAA1614	2	6	2
CNOT1	2	2	2
RHOU	2	14	2
ASCC2	2	8	2
RSRC1	2	8	2
SMG1P2	2	2	2
LAMTOR4	2	4	2
CAMK4	2	8	2
LINC00470	2	8	2
PVRL2	2	2	2
FDFT1	2	8	2
MTMR2	2	4	2
ASB7	2	6	2
SS18L1	2	16	2
TXLNA	2	8	2
RCC1	2	2	2
ZFAND1	2	12	2
ZNF445	2	14	2
SLC39A10	2	8	2
SNORA71B	2	2	2
RDH11	2	2	2
FTO-IT1	2	2	2
TRIM36	2	2	2
HNRNPA1P10	2	4	2
CCDC61	2	6	2
LINC00159	2	8	2
TAS2R39	2	2	2
UBL5	2	12	2
LINC01184	2	4	2
ZNF566	2	2	2
SEL1L3	2	4	2
DSTNP2	2	12	2
IL1RAP	2	2	2
SLC35A1	2	12	2
ZNF654	2	14	2
NLGN1-AS1	2	2	2
RBM33	2	26	2
VWF	2	4	2
KANK1	2	2	2
FANCC	2	4	2
LINC01341	2	2	2
E2F3	2	2	2
ZBTB33	2	16	2
C19orf52	2	2	2
FAM83B	2	4	2
NLGN4Y-AS1	2	2	2
KPNA3	2	4	2
ACVR2A	2	10	2
PURA	2	10	2
GAD2	2	2	2
NRIP3	2	6	2
CCDC124	2	10	2
CASP6	2	4	2
CARD9	2	4	2
LOC400927-CSNK1E	2	4	2
SNRNP25	2	8	2
MCF2	2	18	2
PDZK1	2	4	2
TTC21A	2	2	2
COA1	2	2	2
ZFP1	2	4	2
POU4F3	2	8	2
PVRIG	2	4	2
WDR49	2	10	2
TRAF3IP1	2	16	2
LRG1	2	24	2
SNRNP48	2	10	2
MIR302F	2	2	2
MSH2	2	8	2
MIR4434	2	16	2
MORC2	2	8	2
SALL3	2	6	2
ADAM23	2	6	2
DNAJC10	2	2	2
DPYSL2	2	2	2
PRICKLE1	2	10	2
SNORA37	2	26	2
FDPS	2	16	2
PHKA2-AS1	2	8	2
SNORA36C	2	2	2
TEAD4	2	4	2
MIR7161	2	2	2
ZNF622	2	2	2
MTMR6	2	2	2
PER4	2	2	2
KLC3	2	2	2
VBP1	2	2	2
ITGA2B	2	6	2
PHF7	2	12	2
DDR2	2	68	2
ZUFSP	2	10	2
DHX34	2	4	2
ITSN1	2	4	2
MIR3154	2	2	2
ME2	2	2	2
TFB1M	2	4	2
DNAAF2	2	4	2
HCCS	2	2	2
CDKN2B	2	6	2
LINC00290	2	2	2
MAP4K5	2	20	2
MINPP1	2	2	2
IQCK	2	12	2
SGK3	2	6	2
SPIN2B	2	2	2
UPK1A	2	2	2
LDHC	2	26	2
MIR8070	2	2	2
PHRF1	2	12	2
MIR2054	2	16	2
DPYD-AS2	2	4	2
PWRN4	2	10	2
HOMER2	2	2	2
LINC00682	2	20	2
MIR2053	2	6	2
AAAS	2	20	2
KDM5B	2	2	2
LIN54	2	16	2
ACAA2	2	4	2
KIAA0930	2	2	2
ZDHHC17	2	6	2
LOC100287592	2	12	2
SGSM1	2	2	2
FBXO34	2	2	2
RRP7A	2	2	2
LINC00501	2	2	2
LOC101927907	2	2	2
CHD8	2	2	2
LOC101927190	2	4	2
OR4C6	2	2	2
OGN	2	12	2
BMP1	2	2	2
MIR663AHG	2	2	2
OSGEPL1	2	2	2
UCP3	2	2	2
LHFP	2	14	2
ZNF579	2	2	2
PYY2	2	4	2
MIR4666B	2	2	2
ANKRD30A	2	2	2
WDR62	2	6	2
MIR6749	2	6	2
TPX2	2	4	2
BCOR	2	6	2
ZC3H10	2	2	2
NOM1	2	2	2
DIAPH2-AS1	2	2	2
WDR7	2	4	2
MIR4252	2	2	2
PDHB	2	2	2
BCL2L2	2	12	2
LINC01288	2	2	2
LINC00670	2	4	2
PRDM9	2	2	2
HPRT1	2	2	2
MTHFD1	2	10	2
MIR505	2	4	2
KIAA0195	2	2	2
TRANK1	2	16	2
GATAD1	2	8	2
FANCM	2	4	2
URB2	2	2	2
ANP32A-IT1	2	6	2
NTM	2	2	2
RIC1	2	2	2
D2HGDH	2	6	2
MIR6081	2	2	2
SUMO1P1	2	2	2
TEX15	2	8	2
ZSWIM1	2	4	2
FKTN	2	4	2
LINC-ROR	2	8	2
RGS17	2	2	2
OR6X1	2	12	2
NARS2	2	2	2
DIAPH1	2	2	2
RREB1	2	4	2
THUMPD1	2	6	2
HRAT5	2	4	2
COMMD1	2	6	2
LINC00366	2	2	2
IRGC	2	38	2
SLC7A9	2	6	2
RABGAP1L	2	2	2
LARP1B	2	10	2
NHLH2	2	10	2
CD226	2	2	2
RANBP10	2	24	2
ZNF74	2	2	2
GPR25	2	2	2
MIR548L	2	18	2
EPSTI1	2	6	2
ROBO1	2	2	2
TAC3	2	6	2
TMEM75	2	2	2
MRPS31	2	4	2
LRRK2	2	14	2
LINC01569	2	4	2
NPAT	2	2	2
AFG3L2	2	4	2
SLMO2-ATP5E	2	6	2
MIR6875	2	74	2
HRASLS2	2	2	2
NPDC1	2	6	2
CTNNBL1	2	4	2
MED20	2	8	2
KLHL17	2	4	2
LOC101927869	2	2	2
PTPN20	2	2	2
SLIT2	2	2	2
LOC100506474	2	16	2
ZIM2-AS1	2	2	2
BTBD10	2	2	2
CPZ	2	2	2
MIR3176	2	4	2
SHANK1	2	8	2
GGT6	2	6	2
ROBO2	2	2	2
INSM1	2	10	2
PKP2	2	2	2
YWHAEP1	2	2	2
CTAG2	2	2	2
LOC100129027	2	10	2
MOV10L1	2	6	2
LOC101928371	2	12	2
PLD6	2	10	2
SV2B	2	4	2
GNAI3	2	2	2
FGF16	2	2	2
RETNLB	2	16	2
KBTBD8	2	2	2
HDGFL1	2	2	2
MAP1LC3A	2	12	2
DMRT1	2	2	2
TCHP	2	4	2
MFSD1	2	2	2
ALDH3A2	2	2	2
RIC3	2	2	2
PGM2L1	2	32	2
C22orf24	2	4	2
PPHLN1	2	2	2
THEM4	2	2	2
CPQ	2	4	2
FOXO1	2	2	2
HEXDC	2	2	2
AKAP7	2	2	2
MRPL11	2	2	2
TRIML1	2	2	2
PPP2R5E	2	10	2
GALNT1	2	4	2
SOS2	2	6	2
MFAP1	2	4	2
LOC101928539	2	2	2
C1QBP	2	2	2
EFR3B	2	16	2
ZNF529	2	8	2
UBL3	2	4	2
CCDC58	2	2	2
TMEM192	2	10	2
DCAF7	2	6	2
SPRTN	2	2	2
PIGX	2	2	2
ZCCHC10	2	2	2
UBTD2	2	4	2
SHC2	2	6	2
MIR1257	2	10	2
MLNR	2	12	2
LMAN2L	2	8	2
WASH3P	2	12	2
KIDINS220	2	2	2
KIF22	2	2	2
LCORL	2	2	2
PRKAR1B	2	12	2
KCNC3	2	2	2
SNRPG	2	16	2
LRP2BP	2	16	2
ACAN	2	6	2
TBCB	2	2	2
ZDHHC24	2	4	2
RNU6-72P	2	8	2
KDM1A	2	4	2
WDR3	2	2	2
CCDC18	2	2	2
DAAM1	2	4	2
GNB1L	2	2	2
PURG	2	8	2
TRIT1	2	32	2
OXCT2P1	2	2	2
SLC25A24	2	2	2
MIR8064	2	8	2
AGPAT2	2	4	2
ICE1	2	6	2
TBC1D22A-AS1	2	4	2
C1QTNF3-AMACR	2	2	2
IFNAR2	2	6	2
LOC286059	2	2	2
SASS6	2	2	2
KCNMA1	2	2	2
CENPN	2	6	2
KIAA1279	2	2	2
HN1	2	64	2
WASIR2	2	2	2
JARID2	2	8	2
RNU6-79P	2	2	2
LOC100507431	2	2	2
ANXA2P2	2	2	2
UBL7-AS1	2	22	2
HK3	2	16	2
UGDH-AS1	2	8	2
SNORA25	2	6	2
PTER	2	8	2
NBPF13P	2	2	2
ZNF716	2	8	2
ECI2	2	2	2
SFXN4	2	8	2
VSTM2L	2	14	2
AKAP12	2	44	2
MAPRE2	2	2	2
CTD-2194D22.4	2	2	2
BNIPL	2	8	2
INSL6	2	2	2
LINC01164	2	2	2
IL12RB1	2	2	2
GPM6B	2	2	2
NKX2-5	2	2	2
LOC101927572	2	2	2
TPSAB1	1	3	1
HMG20B	1	1	1
GCA	1	1	1
ZSWIM3	1	3	1
LOC101929715	1	1	1
LOC101928992	1	2	1
HIAT1	1	1	1
ATG101	1	1	1
